time,open,high,low,close,volume,signal,Date
1654779600,1.07154,1.07236,1.07124,1.0718,3061,0,2022-06-09 13:00:00
1628240400,1.18235,1.18286,1.18211,1.18273,1379,0,2021-08-06 09:00:00
1542186000,1.1296,1.1298,1.12756,1.12924,5353,0,2018-11-14 09:00:00
1528941600,1.17982,1.1804,1.17945,1.18024,1191,0,2018-06-14 02:00:00
1673287200,1.07394,1.07598,1.07393,1.07574,5435,0,2023-01-09 18:00:00
1516989600,1.24319,1.24365,1.24067,1.24207,11064,0,2018-01-26 18:00:00
1620716400,1.21389,1.21438,1.21384,1.21407,844,0,2021-05-11 07:00:00
1422414000,1.13551,1.13551,1.13299,1.13345,3198,0,2015-01-28 03:00:00
1499313600,1.1341,1.1344,1.13293,1.13313,1168,0,2017-07-06 04:00:00
1664341200,0.95585,0.95635,0.95432,0.95478,8978,0,2022-09-28 05:00:00
1576008000,1.10858,1.10934,1.10838,1.10891,984,0,2019-12-10 20:00:00
1635465600,1.16769,1.16828,1.16765,1.16806,247,0,2021-10-29 00:00:00
1467280800,1.11066,1.11191,1.10859,1.11152,8960,0,2016-06-30 10:00:00
1522742400,1.23087,1.23101,1.23027,1.23077,1396,0,2018-04-03 08:00:00
1478736000,1.09083,1.09223,1.09076,1.09196,1368,0,2016-11-10 00:00:00
1624914000,1.19236,1.19282,1.19193,1.19226,899,0,2021-06-28 21:00:00
1665158400,0.97493,0.97683,0.97408,0.97479,16822,0,2022-10-07 16:00:00
1712613600,1.08564,1.08579,1.0855,1.08558,2326,0,2024-04-08 22:00:00
1654722000,1.07185,1.07195,1.07119,1.0715,1542,0,2022-06-08 21:00:00
1521633600,1.22778,1.22857,1.22744,1.22819,4108,0,2018-03-21 12:00:00
1501624800,1.18025,1.18043,1.1798,1.17994,1119,0,2017-08-01 22:00:00
1627938000,1.18674,1.18732,1.18666,1.18731,615,0,2021-08-02 21:00:00
1550480400,1.13076,1.13148,1.1301,1.13066,2104,0,2019-02-18 09:00:00
1654866000,1.05964,1.06056,1.05852,1.05923,3860,0,2022-06-10 13:00:00
1523955600,1.23877,1.24039,1.23846,1.24008,4455,0,2018-04-17 09:00:00
1515110400,1.20661,1.2072,1.20632,1.20709,1525,0,2018-01-05 00:00:00
1537830000,1.17448,1.17508,1.17445,1.17459,829,0,2018-09-24 23:00:00
1652871600,1.05154,1.05198,1.04934,1.0507,4300,0,2022-05-18 11:00:00
1579482000,1.10901,1.10941,1.10883,1.10938,326,0,2020-01-20 01:00:00
1499421600,1.14139,1.14269,1.14121,1.14186,1691,0,2017-07-07 10:00:00
1569214800,1.10216,1.10244,1.10216,1.1022,1006,0,2019-09-23 05:00:00
1656626400,1.04798,1.04814,1.04669,1.04784,3017,0,2022-06-30 22:00:00
1634695200,1.16348,1.16348,1.16299,1.16305,431,0,2021-10-20 02:00:00
1678730400,1.07324,1.07416,1.07219,1.07389,8467,0,2023-03-13 18:00:00
1600995600,1.16683,1.16736,1.1668,1.16716,681,0,2020-09-25 01:00:00
1515405600,1.19921,1.20001,1.19826,1.199,4554,0,2018-01-08 10:00:00
1457604000,1.0967,1.09764,1.096,1.09629,6038,0,2016-03-10 10:00:00
1473098400,1.1141,1.11496,1.11406,1.11496,2489,0,2016-09-05 18:00:00
1579050000,1.11257,1.11273,1.11254,1.11267,483,0,2020-01-15 01:00:00
1582581600,1.08424,1.08561,1.08404,1.08515,2086,0,2020-02-24 22:00:00
1638950400,1.12927,1.12947,1.12867,1.12878,1202,0,2021-12-08 08:00:00
1686632400,1.07668,1.07749,1.07652,1.07734,1247,0,2023-06-13 05:00:00
1620039600,1.20349,1.20487,1.20305,1.20466,1338,0,2021-05-03 11:00:00
1542272400,1.1342,1.13456,1.13276,1.13351,4855,0,2018-11-15 09:00:00
1443639600,1.11607,1.11819,1.11576,1.11813,4862,0,2015-09-30 19:00:00
1458180000,1.12154,1.12198,1.12045,1.12098,4038,0,2016-03-17 02:00:00
1555682400,1.12459,1.1246,1.12444,1.12446,226,0,2019-04-19 14:00:00
1462971600,1.13961,1.13969,1.1387,1.13939,3285,0,2016-05-11 13:00:00
1551369600,1.13855,1.13943,1.13791,1.13825,4768,0,2019-02-28 16:00:00
1499184000,1.1342,1.13473,1.13373,1.13437,1340,0,2017-07-04 16:00:00
1651824000,1.05317,1.05331,1.05208,1.05219,2318,0,2022-05-06 08:00:00
1613458800,1.21387,1.21403,1.2132,1.21359,734,0,2021-02-16 07:00:00
1508346000,1.17638,1.17795,1.17592,1.17764,5440,0,2017-10-18 17:00:00
1715821200,1.08831,1.08889,1.08827,1.08882,681,0,2024-05-16 01:00:00
1565668800,1.12053,1.1209,1.12037,1.12084,1927,0,2019-08-13 04:00:00
1716847200,1.08565,1.0859,1.08562,1.08587,209,0,2024-05-27 22:00:00
1421438400,1.15467,1.15657,1.15309,1.15387,6007,0,2015-01-16 20:00:00
1519279200,1.22762,1.22782,1.22716,1.2272,1696,0,2018-02-22 06:00:00
1481616000,1.06328,1.06423,1.06297,1.06419,1743,0,2016-12-13 08:00:00
1422615600,1.13404,1.13445,1.13033,1.1309,7570,0,2015-01-30 11:00:00
1592848800,1.12474,1.12607,1.12459,1.12593,1884,0,2020-06-22 18:00:00
1433800800,1.12755,1.12938,1.12728,1.12858,4789,0,2015-06-08 22:00:00
1472590800,1.11343,1.1145,1.11313,1.11395,2419,0,2016-08-30 21:00:00
1458201600,1.12185,1.12338,1.12184,1.12321,3670,0,2016-03-17 08:00:00
1682650800,1.10308,1.10388,1.10293,1.10338,1432,0,2023-04-28 03:00:00
1556596800,1.11891,1.11891,1.11785,1.11853,1958,0,2019-04-30 04:00:00
1430348400,1.11107,1.11282,1.11077,1.11275,2444,0,2015-04-29 23:00:00
1662343200,0.99211,0.99253,0.99053,0.99069,1610,0,2022-09-05 02:00:00
1457521200,1.09755,1.09787,1.09664,1.09695,5122,0,2016-03-09 11:00:00
1671681600,1.06287,1.06326,1.06248,1.06279,4510,0,2022-12-22 04:00:00
1660590000,1.01843,1.01847,1.01708,1.01749,2750,0,2022-08-15 19:00:00
1703142000,1.09484,1.09549,1.09478,1.09536,1584,0,2023-12-21 07:00:00
1544522400,1.13673,1.13864,1.13656,1.13773,4373,0,2018-12-11 10:00:00
1628092800,1.18883,1.18989,1.18858,1.18916,2299,0,2021-08-04 16:00:00
1560974400,1.12143,1.12216,1.12121,1.12178,2061,-1,2019-06-19 20:00:00
1521547200,1.23157,1.23158,1.23062,1.23106,4595,-1,2018-03-20 12:00:00
1608642000,1.22295,1.22431,1.22202,1.2243,1762,0,2020-12-22 13:00:00
1447286400,1.07424,1.076,1.07417,1.07574,1590,0,2015-11-12 00:00:00
1676250000,1.0676,1.06785,1.06699,1.06762,1857,0,2023-02-13 01:00:00
1657306800,1.01775,1.01778,1.01578,1.01666,2611,0,2022-07-08 19:00:00
1677769200,1.0605,1.0609,1.0581,1.05852,7043,0,2023-03-02 15:00:00
1466006400,1.12251,1.12302,1.12086,1.12259,6651,0,2016-06-15 16:00:00
1568732400,1.10226,1.10314,1.10197,1.10261,2980,0,2019-09-17 15:00:00
1578942000,1.11365,1.1141,1.11348,1.1139,819,0,2020-01-13 19:00:00
1528430400,1.1805,1.18095,1.18009,1.18012,1670,0,2018-06-08 04:00:00
1726689600,1.11235,1.11295,1.11162,1.11226,2918,0,2024-09-18 20:00:00
1568988000,1.10424,1.10425,1.10244,1.10317,3261,-1,2019-09-20 14:00:00
1584097200,1.12067,1.1207,1.116,1.11642,3535,-1,2020-03-13 11:00:00
1657818000,0.99798,0.99988,0.99593,0.99954,7836,0,2022-07-14 17:00:00
1424174400,1.13847,1.14103,1.1376,1.14048,7059,0,2015-02-17 12:00:00
1463446800,1.13145,1.13194,1.13132,1.13137,962,0,2016-05-17 01:00:00
1493719200,1.09168,1.09191,1.09063,1.09067,1687,0,2017-05-02 10:00:00
1558922400,1.12091,1.12108,1.12062,1.12062,489,0,2019-05-27 02:00:00
1682496000,1.09801,1.09897,1.09789,1.09877,1495,0,2023-04-26 08:00:00
1446501600,1.10111,1.10168,1.10054,1.10163,2235,0,2015-11-02 22:00:00
1733767200,1.05901,1.05935,1.05673,1.05694,3640,0,2024-12-09 18:00:00
1594634400,1.13299,1.13318,1.13128,1.13174,2211,0,2020-07-13 10:00:00
1429513200,1.07855,1.07937,1.07705,1.07754,2696,0,2015-04-20 07:00:00
1440799200,1.11818,1.11873,1.11776,1.11865,4666,0,2015-08-28 22:00:00
1424448000,1.1312,1.13122,1.12873,1.12924,7306,0,2015-02-20 16:00:00
1611162000,1.20796,1.2117,1.20796,1.21045,2968,0,2021-01-20 17:00:00
1664798400,0.98101,0.9812,0.9752,0.97623,8983,0,2022-10-03 12:00:00
1691712000,1.09794,1.0982,1.09763,1.09818,882,0,2023-08-11 00:00:00
1510135200,1.1595,1.16103,1.15906,1.15988,6936,0,2017-11-08 10:00:00
1521518400,1.23454,1.23483,1.23427,1.23447,1690,0,2018-03-20 04:00:00
1669338000,1.04066,1.04089,1.04057,1.04068,1402,0,2022-11-25 01:00:00
1421431200,1.14913,1.15273,1.14884,1.15157,10385,0,2015-01-16 18:00:00
1451268000,1.09635,1.09739,1.09578,1.09679,2206,0,2015-12-28 02:00:00
1635145200,1.16632,1.16643,1.16579,1.16593,779,0,2021-10-25 07:00:00
1644904800,1.13166,1.13199,1.13156,1.13183,790,0,2022-02-15 06:00:00
1435665600,1.11414,1.11928,1.11332,1.11854,10796,0,2015-06-30 12:00:00
1685116800,1.07411,1.07497,1.07196,1.07216,4842,0,2023-05-26 16:00:00
1478228400,1.11014,1.11072,1.10923,1.10927,2102,0,2016-11-04 03:00:00
1435946400,1.11003,1.11072,1.10944,1.10953,4849,0,2015-07-03 18:00:00
1547532000,1.14845,1.14845,1.1478,1.14793,764,0,2019-01-15 06:00:00
1613689200,1.20908,1.20938,1.20851,1.20851,505,0,2021-02-18 23:00:00
1585594800,1.10163,1.10243,1.10103,1.10187,3271,0,2020-03-30 19:00:00
1643598000,1.11442,1.11571,1.11438,1.11568,1113,0,2022-01-31 03:00:00
1434654000,1.14021,1.14354,1.1339,1.13726,10242,0,2015-06-18 19:00:00
1431554400,1.13598,1.13598,1.13391,1.13421,3062,0,2015-05-13 22:00:00
1700100000,1.08533,1.08546,1.08498,1.08543,1456,0,2023-11-16 02:00:00
1448841600,1.05879,1.05925,1.05873,1.0591,745,0,2015-11-30 00:00:00
1643756400,1.12678,1.12732,1.1265,1.12695,918,1,2022-02-01 23:00:00
1607306400,1.21191,1.21303,1.21181,1.2127,1101,0,2020-12-07 02:00:00
1633374000,1.16199,1.16226,1.16149,1.16184,1847,0,2021-10-04 19:00:00
1701453600,1.08369,1.08845,1.08277,1.08763,10601,0,2023-12-01 18:00:00
1635361200,1.15993,1.16086,1.15979,1.1608,2298,0,2021-10-27 19:00:00
1520031600,1.23301,1.23304,1.23175,1.23178,2133,0,2018-03-02 23:00:00
1642644000,1.13423,1.13513,1.13422,1.13502,752,0,2022-01-20 02:00:00
1430751600,1.11334,1.11869,1.11316,1.11816,8366,0,2015-05-04 15:00:00
1490763600,1.08152,1.08258,1.08138,1.08192,916,1,2017-03-29 05:00:00
1433314800,1.11558,1.11728,1.11549,1.11619,2567,0,2015-06-03 07:00:00
1473793200,1.12403,1.12458,1.1229,1.12341,5235,0,2016-09-13 19:00:00
1509001200,1.18239,1.18258,1.18227,1.18251,1091,0,2017-10-26 07:00:00
1706198400,1.08783,1.08783,1.08521,1.08592,12300,0,2024-01-25 16:00:00
1474585200,1.12036,1.1208,1.1202,1.12066,1730,0,2016-09-22 23:00:00
1605020400,1.18086,1.18139,1.17925,1.18095,2737,0,2020-11-10 15:00:00
1648699200,1.11731,1.11842,1.11704,1.11753,2656,0,2022-03-31 04:00:00
1433804400,1.12857,1.13063,1.12829,1.12905,3357,0,2015-06-08 23:00:00
1519156800,1.23436,1.2345,1.23293,1.23393,3473,0,2018-02-20 20:00:00
1496174400,1.11737,1.1183,1.11735,1.11796,864,0,2017-05-30 20:00:00
1455757200,1.11278,1.11288,1.11181,1.11195,5075,0,2016-02-18 01:00:00
1664989200,0.98762,0.98762,0.98339,0.9854,15812,0,2022-10-05 17:00:00
1463083200,1.13855,1.13894,1.13732,1.13741,3365,0,2016-05-12 20:00:00
1579028400,1.11288,1.1132,1.11267,1.11303,845,0,2020-01-14 19:00:00
1563386400,1.12244,1.12321,1.12227,1.12301,2793,0,2019-07-17 18:00:00
1630522800,1.18492,1.18555,1.18466,1.18474,1086,0,2021-09-01 19:00:00
1688968800,1.09598,1.09614,1.09518,1.09548,1278,0,2023-07-10 06:00:00
1665064800,0.98849,0.98924,0.98571,0.98677,9987,0,2022-10-06 14:00:00
1484672400,1.07145,1.07156,1.069,1.06937,9567,0,2017-01-17 17:00:00
1622667600,1.22077,1.22146,1.22057,1.22098,1101,0,2021-06-02 21:00:00
1518217200,1.2234,1.22539,1.22317,1.22507,3123,0,2018-02-09 23:00:00
1556571600,1.11789,1.11862,1.11759,1.11823,1631,0,2019-04-29 21:00:00
1511312400,1.17328,1.17464,1.17325,1.17409,1786,0,2017-11-22 01:00:00
1476208800,1.10561,1.10719,1.10534,1.10602,6075,0,2016-10-11 18:00:00
1469786400,1.10875,1.11009,1.1085,1.10869,6382,0,2016-07-29 10:00:00
1725501600,1.1084,1.10843,1.1078,1.10791,1098,0,2024-09-05 02:00:00
1428498000,1.08684,1.08868,1.0861,1.08711,6511,0,2015-04-08 13:00:00
1696330800,1.04817,1.04925,1.04776,1.04844,3024,0,2023-10-03 11:00:00
1695218400,1.07026,1.07041,1.06964,1.07009,1759,0,2023-09-20 14:00:00
1697533200,1.05437,1.05442,1.05332,1.05362,2519,0,2023-10-17 09:00:00
1428390000,1.09388,1.09443,1.0923,1.09244,3871,0,2015-04-07 07:00:00
1486346400,1.07817,1.07838,1.07738,1.07835,1387,0,2017-02-06 02:00:00
1429664400,1.07374,1.07374,1.07327,1.07371,1069,0,2015-04-22 01:00:00
1439535600,1.11522,1.11565,1.11504,1.11556,1350,0,2015-08-14 07:00:00
1672786800,1.05507,1.05531,1.05446,1.05446,1640,0,2023-01-03 23:00:00
1505754000,1.19594,1.19661,1.19456,1.1955,6819,-1,2017-09-18 17:00:00
1574701200,1.10199,1.1024,1.10096,1.10107,1992,0,2019-11-25 17:00:00
1618005600,1.19015,1.19051,1.19015,1.19025,816,-1,2021-04-09 22:00:00
1523332800,1.23245,1.2326,1.23153,1.23158,3202,0,2018-04-10 04:00:00
1446181200,1.09853,1.0994,1.09663,1.0968,5078,0,2015-10-30 05:00:00
1609282800,1.22491,1.22521,1.22439,1.22443,511,0,2020-12-29 23:00:00
1532124000,1.17245,1.17295,1.17195,1.17255,2528,0,2018-07-20 22:00:00
1506574800,1.17379,1.17426,1.17358,1.17391,2275,0,2017-09-28 05:00:00
1620680400,1.21561,1.21587,1.21417,1.21445,1335,0,2021-05-10 21:00:00
1559757600,1.12615,1.12624,1.12395,1.12415,5413,0,2019-06-05 18:00:00
1447088400,1.07305,1.0758,1.07258,1.07453,9390,1,2015-11-09 17:00:00
1683219600,1.10232,1.10374,1.09854,1.1,8817,0,2023-05-04 17:00:00
1571436000,1.11603,1.11653,1.11589,1.11609,1104,1,2019-10-18 22:00:00
1582275600,1.07897,1.07978,1.0789,1.07954,1541,1,2020-02-21 09:00:00
1639090800,1.12936,1.12936,1.1288,1.1288,474,0,2021-12-09 23:00:00
1673301600,1.07508,1.0753,1.07298,1.07303,5402,0,2023-01-09 22:00:00
1687561200,1.08899,1.08953,1.08894,1.08935,1054,0,2023-06-23 23:00:00
1725375600,1.10353,1.10516,1.10325,1.10468,4554,0,2024-09-03 15:00:00
1651496400,1.05259,1.05283,1.05189,1.05256,2134,0,2022-05-02 13:00:00
1550858400,1.1339,1.13443,1.13343,1.13398,3277,0,2019-02-22 18:00:00
1642554000,1.13265,1.13298,1.13241,1.13279,549,0,2022-01-19 01:00:00
1587492000,1.08584,1.08723,1.08525,1.0853,3083,0,2020-04-21 18:00:00
1538611200,1.14754,1.14935,1.14684,1.14804,1384,-1,2018-10-04 00:00:00
1519956000,1.22702,1.22744,1.2261,1.22727,3222,0,2018-03-02 02:00:00
1570741200,1.10145,1.10169,1.10045,1.10061,3009,0,2019-10-10 21:00:00
1519628400,1.23114,1.23273,1.23094,1.23273,2704,0,2018-02-26 07:00:00
1611187200,1.21006,1.21092,1.20989,1.21074,235,0,2021-01-21 00:00:00
1679911200,1.07623,1.07812,1.07441,1.07507,4785,0,2023-03-27 10:00:00
1684159200,1.08772,1.08796,1.08725,1.08767,2153,0,2023-05-15 14:00:00
1596668400,1.18583,1.18644,1.18548,1.18616,504,0,2020-08-05 23:00:00
1457082000,1.09458,1.09537,1.09437,1.09501,3696,0,2016-03-04 09:00:00
1455591600,1.11726,1.11828,1.1162,1.1175,4218,0,2016-02-16 03:00:00
1429639200,1.0741,1.07671,1.07312,1.07564,9323,1,2015-04-21 18:00:00
1542610800,1.13971,1.13998,1.13953,1.13964,888,0,2018-11-19 07:00:00
1456707600,1.09165,1.09279,1.09109,1.09236,3775,0,2016-02-29 01:00:00
1451347200,1.09661,1.09742,1.0965,1.09742,1013,0,2015-12-29 00:00:00
1541534400,1.14109,1.14134,1.14053,1.14107,2479,0,2018-11-06 20:00:00
1464814800,1.11805,1.11852,1.11765,1.11825,2901,0,2016-06-01 21:00:00
1555038000,1.12596,1.12911,1.12566,1.12829,2934,0,2019-04-12 03:00:00
1599231600,1.18428,1.18536,1.18011,1.18105,3487,0,2020-09-04 15:00:00
1622203200,1.21966,1.21972,1.2182,1.21852,1718,0,2021-05-28 12:00:00
1429203600,1.073,1.073,1.06838,1.06995,12722,0,2015-04-16 17:00:00
1574766000,1.1017,1.1019,1.10104,1.10133,1936,0,2019-11-26 11:00:00
1649098800,1.09922,1.09923,1.09735,1.09739,2203,0,2022-04-04 19:00:00
1488772800,1.06064,1.06118,1.0605,1.06064,727,0,2017-03-06 04:00:00
1454634000,1.11994,1.12044,1.11964,1.11986,2639,0,2016-02-05 01:00:00
1498021200,1.11339,1.11354,1.1133,1.11337,395,0,2017-06-21 05:00:00
1468497600,1.1107,1.11163,1.11034,1.11114,5447,0,2016-07-14 12:00:00
1425337200,1.11807,1.11849,1.11788,1.11835,1315,0,2015-03-02 23:00:00
1476219600,1.10516,1.10604,1.10493,1.10495,3854,0,2016-10-11 21:00:00
1615881600,1.19343,1.19345,1.19267,1.19288,940,-1,2021-03-16 08:00:00
1459274400,1.11877,1.1202,1.11783,1.12015,5618,0,2016-03-29 18:00:00
1626458400,1.18081,1.18112,1.18023,1.18084,2332,0,2021-07-16 18:00:00
1496923200,1.12483,1.12532,1.12294,1.12322,1775,0,2017-06-08 12:00:00
1478725200,1.09308,1.09368,1.09192,1.09314,5014,0,2016-11-09 21:00:00
1702018800,1.07822,1.07883,1.07814,1.0783,2736,0,2023-12-08 07:00:00
1699621200,1.06861,1.06881,1.06732,1.06761,3129,0,2023-11-10 13:00:00
1524542400,1.22058,1.22077,1.21837,1.22038,5349,0,2018-04-24 04:00:00
1617976800,1.18829,1.18995,1.1881,1.18944,1853,0,2021-04-09 14:00:00
1495699200,1.12401,1.1244,1.12336,1.12429,892,0,2017-05-25 08:00:00
1513353600,1.17986,1.17993,1.17706,1.17766,7858,0,2017-12-15 16:00:00
1498597200,1.13315,1.13471,1.13306,1.13455,1722,0,2017-06-27 21:00:00
1733464800,1.05749,1.05762,1.05715,1.05742,1100,0,2024-12-06 06:00:00
1703221200,1.09991,1.1004,1.09949,1.09969,1782,0,2023-12-22 05:00:00
1538398800,1.1615,1.1618,1.1604,1.16077,3285,0,2018-10-01 13:00:00
1643652000,1.12102,1.12129,1.11979,1.12092,3860,0,2022-01-31 18:00:00
1585137600,1.08428,1.08471,1.08043,1.08051,6394,0,2020-03-25 12:00:00
1671040800,1.06462,1.06601,1.06409,1.06532,7704,0,2022-12-14 18:00:00
1663268400,0.99897,1.00057,0.99869,1.00049,4765,0,2022-09-15 19:00:00
1728360000,1.09808,1.0984,1.09796,1.09827,2025,0,2024-10-08 04:00:00
1683147600,1.10458,1.10904,1.10365,1.10591,12438,0,2023-05-03 21:00:00
1534730400,1.14369,1.14391,1.14345,1.1437,665,0,2018-08-20 02:00:00
1456876800,1.08665,1.08686,1.08612,1.08662,1362,0,2016-03-02 00:00:00
1666008000,0.97377,0.97568,0.97354,0.97521,7598,0,2022-10-17 12:00:00
1715252400,1.07337,1.07343,1.07251,1.07271,2102,0,2024-05-09 11:00:00
1559077200,1.11701,1.11713,1.11626,1.11639,1291,-1,2019-05-28 21:00:00
1484254800,1.06409,1.06421,1.06208,1.0626,4546,0,2017-01-12 21:00:00
1712678400,1.08796,1.08842,1.08752,1.08777,5698,0,2024-04-09 16:00:00
1584349200,1.1139,1.11805,1.11278,1.11753,6893,0,2020-03-16 09:00:00
1721113200,1.08922,1.08936,1.08909,1.08915,632,0,2024-07-16 07:00:00
1656331200,1.05832,1.05875,1.05671,1.05678,4285,-1,2022-06-27 12:00:00
1446058800,1.10699,1.10825,1.1059,1.1062,5057,0,2015-10-28 19:00:00
1603800000,1.1808,1.18154,1.18038,1.18138,1856,-1,2020-10-27 12:00:00
1704726000,1.09439,1.09553,1.09417,1.09498,6000,0,2024-01-08 15:00:00
1631160000,1.18135,1.18201,1.18129,1.18201,817,0,2021-09-09 04:00:00
1616025600,1.19793,1.19866,1.19755,1.19777,639,0,2021-03-18 00:00:00
1713466800,1.0659,1.06608,1.06507,1.06524,2835,0,2024-04-18 19:00:00
1504684800,1.19132,1.19287,1.19087,1.19249,4165,0,2017-09-06 08:00:00
1461168000,1.13651,1.1367,1.13341,1.1338,7339,0,2016-04-20 16:00:00
1453993200,1.09038,1.09328,1.08908,1.0918,8017,0,2016-01-28 15:00:00
1599746400,1.18368,1.18495,1.18304,1.18456,2304,0,2020-09-10 14:00:00
1578070800,1.11649,1.11665,1.11534,1.11627,3054,0,2020-01-03 17:00:00
1631545200,1.17732,1.17857,1.17707,1.17819,2789,0,2021-09-13 15:00:00
1435212000,1.12148,1.12192,1.12089,1.12139,2509,0,2015-06-25 06:00:00
1601982000,1.1776,1.17784,1.17649,1.17769,2278,0,2020-10-06 11:00:00
1424444400,1.13128,1.13158,1.1278,1.1312,11183,0,2015-02-20 15:00:00
1538647200,1.14758,1.14963,1.14743,1.14927,5765,0,2018-10-04 10:00:00
1577188800,1.10742,1.10763,1.10699,1.10714,879,1,2019-12-24 12:00:00
1687266000,1.09239,1.09334,1.09238,1.09274,2393,0,2023-06-20 13:00:00
1685433600,1.07072,1.07076,1.06803,1.06852,2447,1,2023-05-30 08:00:00
1726142400,1.10147,1.10191,1.10119,1.10136,2747,0,2024-09-12 12:00:00
1474268400,1.11666,1.11691,1.11636,1.11666,1378,1,2016-09-19 07:00:00
1661331600,0.99419,0.99502,0.99339,0.99484,3261,0,2022-08-24 09:00:00
1730235600,1.08128,1.08143,1.08098,1.0813,3281,0,2024-10-29 21:00:00
1696572000,1.05438,1.05455,1.05393,1.05415,999,0,2023-10-06 06:00:00
1729515600,1.08454,1.08485,1.08436,1.08464,2570,0,2024-10-21 13:00:00
1692349200,1.08826,1.08864,1.08701,1.0871,3381,0,2023-08-18 09:00:00
1539360000,1.15569,1.15618,1.15404,1.15437,5154,0,2018-10-12 16:00:00
1612814400,1.20463,1.20502,1.20431,1.20492,765,-1,2021-02-08 20:00:00
1575273600,1.10184,1.10184,1.10153,1.10159,503,-1,2019-12-02 08:00:00
1434326400,1.121,1.1231,1.12092,1.12133,1088,0,2015-06-15 00:00:00
1639767600,1.1276,1.1276,1.12659,1.12673,1693,-1,2021-12-17 19:00:00
1648443600,1.09534,1.09613,1.09502,1.09547,2884,0,2022-03-28 05:00:00
1509382800,1.16165,1.16331,1.1612,1.16266,6499,0,2017-10-30 17:00:00
1559332800,1.11609,1.11684,1.11564,1.1166,2376,0,2019-05-31 20:00:00
1426467600,1.04986,1.05023,1.04787,1.0483,2644,0,2015-03-16 01:00:00
1580403600,1.10254,1.10355,1.10223,1.10347,2461,0,2020-01-30 17:00:00
1664920800,0.99969,0.99988,0.99764,0.99897,9141,0,2022-10-04 22:00:00
1728313200,1.09758,1.09827,1.09706,1.09762,4312,0,2024-10-07 15:00:00
1576141200,1.11353,1.1141,1.11351,1.11366,1148,0,2019-12-12 09:00:00
1421640000,1.15695,1.15732,1.15552,1.15554,2611,0,2015-01-19 04:00:00
1686762000,1.08439,1.08555,1.08406,1.08549,3037,0,2023-06-14 17:00:00
1733119200,1.05225,1.05282,1.0518,1.05223,2266,0,2024-12-02 06:00:00
1493326800,1.08803,1.08844,1.08766,1.08804,1079,0,2017-04-27 21:00:00
1509552000,1.16141,1.16426,1.16095,1.16313,11206,-1,2017-11-01 16:00:00
1641927600,1.13611,1.13624,1.1352,1.13534,1431,0,2022-01-11 19:00:00
1678712400,1.06731,1.06759,1.06566,1.0663,9711,0,2023-03-13 13:00:00
1624316400,1.19176,1.19196,1.19109,1.19109,623,0,2021-06-21 23:00:00
1485162000,1.07412,1.07532,1.07391,1.07417,6158,0,2017-01-23 09:00:00
1706047200,1.08443,1.08491,1.08428,1.08488,2183,0,2024-01-23 22:00:00
1491800400,1.05778,1.05783,1.05695,1.05751,724,0,2017-04-10 05:00:00
1573632000,1.10141,1.10159,1.10108,1.10126,538,0,2019-11-13 08:00:00
1685350800,1.07354,1.07427,1.0735,1.07355,1280,0,2023-05-29 09:00:00
1527476400,1.16879,1.17045,1.16832,1.16968,4274,0,2018-05-28 03:00:00
1442995200,1.11348,1.11355,1.11233,1.11235,1867,0,2015-09-23 08:00:00
1567612800,1.10157,1.10186,1.10094,1.10107,2870,0,2019-09-04 16:00:00
1443016800,1.116,1.1175,1.11512,1.11615,4846,0,2015-09-23 14:00:00
1625644800,1.18229,1.18338,1.18214,1.18299,1174,0,2021-07-07 08:00:00
1730347200,1.08437,1.08501,1.08433,1.0848,1641,0,2024-10-31 04:00:00
1600110000,1.18724,1.18742,1.18638,1.18659,1095,0,2020-09-14 19:00:00
1624406400,1.19327,1.19391,1.19322,1.19384,158,0,2021-06-23 00:00:00
1666972800,0.99685,0.9989,0.99648,0.99681,13419,0,2022-10-28 16:00:00
1421683200,1.16098,1.16254,1.15995,1.16207,5368,0,2015-01-19 16:00:00
1661374800,0.99628,0.99669,0.99583,0.99623,1719,0,2022-08-24 21:00:00
1522173600,1.23926,1.24126,1.23886,1.24075,5231,0,2018-03-27 18:00:00
1614736800,1.2084,1.20892,1.2083,1.20857,718,0,2021-03-03 02:00:00
1693321200,1.08033,1.08056,1.07853,1.07914,3882,0,2023-08-29 15:00:00
1544796000,1.12835,1.12915,1.12834,1.1288,2354,0,2018-12-14 14:00:00
1586325600,1.0864,1.08667,1.0858,1.0859,1216,0,2020-04-08 06:00:00
1686016800,1.07124,1.07132,1.07067,1.07106,650,0,2023-06-06 02:00:00
1598403600,1.18327,1.18361,1.18316,1.18325,296,0,2020-08-26 01:00:00
1579705200,1.10825,1.10905,1.10815,1.10889,1655,0,2020-01-22 15:00:00
1700028000,1.08811,1.08829,1.08767,1.08769,938,0,2023-11-15 06:00:00
1706194800,1.08873,1.09008,1.08659,1.08783,12062,0,2024-01-25 15:00:00
1568181600,1.10464,1.10503,1.10442,1.10486,778,0,2019-09-11 06:00:00
1535965200,1.1612,1.16148,1.15988,1.15994,1983,0,2018-09-03 09:00:00
1617076800,1.17697,1.1773,1.17641,1.17718,640,0,2021-03-30 04:00:00
1603224000,1.18259,1.18352,1.18259,1.1831,916,0,2020-10-20 20:00:00
1591153200,1.11842,1.12001,1.11788,1.11919,2158,0,2020-06-03 03:00:00
1634558400,1.158,1.15847,1.15768,1.15818,1961,0,2021-10-18 12:00:00
1655283600,1.04626,1.04939,1.04516,1.04726,10057,0,2022-06-15 09:00:00
1728576000,1.09436,1.09488,1.0933,1.09361,8729,0,2024-10-10 16:00:00
1558476000,1.1157,1.11612,1.11565,1.11606,780,0,2019-05-21 22:00:00
1482901200,1.0464,1.04694,1.04638,1.04687,1927,0,2016-12-28 05:00:00
1508745600,1.1769,1.1772,1.17654,1.1772,1639,0,2017-10-23 08:00:00
1698876000,1.05664,1.05749,1.05663,1.05686,1436,0,2023-11-01 22:00:00
1577710800,1.11929,1.12015,1.11898,1.11909,1397,0,2019-12-30 13:00:00
1432094400,1.11326,1.11441,1.11245,1.11391,3553,0,2015-05-20 04:00:00
1585080000,1.07556,1.07718,1.07497,1.0758,5045,0,2020-03-24 20:00:00
1676019600,1.07224,1.07438,1.07182,1.07402,8167,0,2023-02-10 09:00:00
1503475200,1.17572,1.17609,1.17564,1.17578,1496,0,2017-08-23 08:00:00
1734458400,1.0498,1.05052,1.04935,1.05041,4361,0,2024-12-17 18:00:00
1719216000,1.06937,1.06985,1.06936,1.06977,2273,0,2024-06-24 08:00:00
1516388400,1.22365,1.22424,1.22305,1.22317,4254,0,2018-01-19 19:00:00
1475067600,1.12138,1.12174,1.12063,1.12163,4004,0,2016-09-28 13:00:00
1525197600,1.1991,1.20031,1.19846,1.19987,7047,0,2018-05-01 18:00:00
1652083200,1.05115,1.05115,1.05024,1.05067,2218,0,2022-05-09 08:00:00
1536213600,1.16462,1.16465,1.16315,1.16336,2224,0,2018-09-06 06:00:00
1615888800,1.19156,1.19281,1.1913,1.1926,1674,0,2021-03-16 10:00:00
1731668400,1.05689,1.0579,1.05596,1.05613,3937,0,2024-11-15 11:00:00
1519322400,1.23211,1.23311,1.23132,1.23246,7316,0,2018-02-22 18:00:00
1487743200,1.05464,1.05466,1.0543,1.05445,631,0,2017-02-22 06:00:00
1727895600,1.10486,1.10539,1.10428,1.10457,3010,0,2024-10-02 19:00:00
1702576800,1.09927,1.10021,1.09896,1.09953,6323,0,2023-12-14 18:00:00
1624561200,1.19259,1.19327,1.1924,1.1926,1608,0,2021-06-24 19:00:00
1520481600,1.23997,1.24053,1.23985,1.2401,2811,0,2018-03-08 04:00:00
1652187600,1.05384,1.05528,1.05346,1.05523,4243,0,2022-05-10 13:00:00
1685462400,1.07217,1.07379,1.07177,1.07292,4093,0,2023-05-30 16:00:00
1440784800,1.12153,1.12352,1.11552,1.11704,10204,0,2015-08-28 18:00:00
1582520400,1.08221,1.08236,1.08208,1.08214,710,0,2020-02-24 05:00:00
1641355200,1.12848,1.12934,1.12843,1.12913,1110,0,2022-01-05 04:00:00
1545303600,1.14288,1.148,1.14245,1.14773,8011,0,2018-12-20 11:00:00
1687543200,1.08816,1.08916,1.0878,1.08853,2807,0,2023-06-23 18:00:00
1512446400,1.18721,1.18758,1.18694,1.1873,1363,0,2017-12-05 04:00:00
1525651200,1.19545,1.19633,1.19544,1.19566,936,0,2018-05-07 00:00:00
1441094400,1.12687,1.12809,1.12633,1.12784,2899,0,2015-09-01 08:00:00
1605690000,1.1876,1.18855,1.1875,1.18819,1480,0,2020-11-18 09:00:00
1669244400,1.04016,1.04025,1.0392,1.0392,2320,0,2022-11-23 23:00:00
1726052400,1.10402,1.10471,1.10357,1.10429,3265,0,2024-09-11 11:00:00
1599166800,1.18463,1.18586,1.18456,1.1856,1562,0,2020-09-03 21:00:00
1512522000,1.18277,1.18305,1.18246,1.18297,1564,0,2017-12-06 01:00:00
1530082800,1.16587,1.16597,1.16513,1.16536,1740,0,2018-06-27 07:00:00
1648544400,1.09819,1.10083,1.09818,1.10025,3298,0,2022-03-29 09:00:00
1687467600,1.09565,1.09594,1.09503,1.09583,1612,0,2023-06-22 21:00:00
1621350000,1.2217,1.2233,1.22162,1.22204,2343,0,2021-05-18 15:00:00
1572379200,1.11073,1.11113,1.11041,1.11101,797,0,2019-10-29 20:00:00
1562241600,1.12782,1.12852,1.12764,1.12845,1543,0,2019-07-04 12:00:00
1549389600,1.14059,1.14101,1.14003,1.14045,3719,0,2019-02-05 18:00:00
1541732400,1.13654,1.1367,1.13569,1.13583,2558,0,2018-11-09 03:00:00
1567404000,1.09897,1.09924,1.09885,1.09894,985,0,2019-09-02 06:00:00
1478257200,1.1098,1.11014,1.10876,1.10988,4311,0,2016-11-04 11:00:00
1563825600,1.12175,1.12191,1.12144,1.12176,1098,0,2019-07-22 20:00:00
1503925200,1.19325,1.19393,1.19317,1.19361,3683,0,2017-08-28 13:00:00
1519124400,1.23581,1.23634,1.23422,1.23426,7105,0,2018-02-20 11:00:00
1433250000,1.09815,1.10379,1.09795,1.10177,9471,0,2015-06-02 13:00:00
1669824000,1.03582,1.03989,1.03574,1.03845,10988,0,2022-11-30 16:00:00
1591621200,1.12958,1.12966,1.12692,1.12702,2497,0,2020-06-08 13:00:00
1574452800,1.10226,1.10261,1.10224,1.10261,898,0,2019-11-22 20:00:00
1622419200,1.21994,1.21994,1.21891,1.21969,179,0,2021-05-31 00:00:00
1623056400,1.21572,1.21613,1.21507,1.21519,1378,0,2021-06-07 09:00:00
1733727600,1.05338,1.05374,1.05327,1.05361,1659,0,2024-12-09 07:00:00
1641312000,1.1279,1.12874,1.12766,1.1284,3261,0,2022-01-04 16:00:00
1442422800,1.12775,1.13121,1.12773,1.12931,9148,0,2015-09-16 17:00:00
1510804800,1.1787,1.1787,1.17783,1.178,2175,0,2017-11-16 04:00:00
1657231200,1.01568,1.01661,1.01531,1.01655,1507,0,2022-07-07 22:00:00
1495450800,1.11709,1.1178,1.11607,1.11673,1637,0,2017-05-22 11:00:00
1629835200,1.17466,1.1747,1.17432,1.17445,623,0,2021-08-24 20:00:00
1713351600,1.06242,1.0648,1.06231,1.06396,3927,0,2024-04-17 11:00:00
1612756800,1.20376,1.20376,1.20306,1.20356,628,0,2021-02-08 04:00:00
1483034400,1.04871,1.04916,1.04715,1.04829,6534,0,2016-12-29 18:00:00
1474423200,1.11523,1.11541,1.11489,1.11522,1524,0,2016-09-21 02:00:00
1503410400,1.17527,1.17685,1.17469,1.17676,5646,0,2017-08-22 14:00:00
1609131600,1.22082,1.22152,1.22082,1.2212,670,0,2020-12-28 05:00:00
1713985200,1.06853,1.06902,1.06823,1.06896,2595,0,2024-04-24 19:00:00
1494471600,1.08665,1.08752,1.08628,1.08734,770,0,2017-05-11 03:00:00
1718906400,1.07208,1.07216,1.07061,1.07064,3445,0,2024-06-20 18:00:00
1491001200,1.06687,1.0671,1.06507,1.0657,1573,0,2017-03-31 23:00:00
1535565600,1.16927,1.17025,1.16872,1.16974,4040,0,2018-08-29 18:00:00
1568217600,1.1,1.10023,1.09927,1.09943,3764,0,2019-09-11 16:00:00
1670396400,1.04628,1.04701,1.04611,1.04657,3232,0,2022-12-07 07:00:00
1475820000,1.11244,1.11253,1.11095,1.11117,3278,0,2016-10-07 06:00:00
1554742800,1.12724,1.12725,1.12589,1.12605,3367,0,2019-04-08 17:00:00
1492678800,1.07259,1.0747,1.07203,1.07407,1709,0,2017-04-20 09:00:00
1657922400,1.00796,1.00825,1.0072,1.00817,1591,0,2022-07-15 22:00:00
1721203200,1.09022,1.09061,1.09,1.09036,984,0,2024-07-17 08:00:00
1492081200,1.06437,1.065,1.06375,1.06416,1371,0,2017-04-13 11:00:00
1431421200,1.1175,1.1201,1.11663,1.1183,7596,0,2015-05-12 09:00:00
1509368400,1.16367,1.16411,1.16313,1.16314,3710,0,2017-10-30 13:00:00
1462845600,1.13822,1.13867,1.13817,1.13826,1028,0,2016-05-10 02:00:00
1459360800,1.13534,1.13555,1.13173,1.13287,8858,0,2016-03-30 18:00:00
1687154400,1.09354,1.09371,1.09329,1.09361,1081,-1,2023-06-19 06:00:00
1496325600,1.12269,1.12275,1.1216,1.12174,1270,0,2017-06-01 14:00:00
1550624400,1.13382,1.13403,1.13375,1.1339,702,-1,2019-02-20 01:00:00
1623942000,1.19352,1.19462,1.19296,1.19304,3667,0,2021-06-17 15:00:00
1542078000,1.12269,1.12362,1.12265,1.12351,1914,0,2018-11-13 03:00:00
1617645600,1.1798,1.18125,1.17947,1.18093,1267,0,2021-04-05 18:00:00
1561071600,1.12909,1.12922,1.12849,1.12908,1083,0,2019-06-20 23:00:00
1437566400,1.09372,1.09496,1.09297,1.09332,6092,0,2015-07-22 12:00:00
1454313600,1.08459,1.08516,1.0843,1.08489,1674,0,2016-02-01 08:00:00
1689937200,1.11271,1.11368,1.11206,1.11273,3773,0,2023-07-21 11:00:00
1465783200,1.12486,1.12491,1.12329,1.12375,2811,0,2016-06-13 02:00:00
1662566400,0.98916,0.99199,0.98828,0.99007,8875,0,2022-09-07 16:00:00
1467230400,1.10968,1.11139,1.10911,1.1113,5122,0,2016-06-29 20:00:00
1548939600,1.1476,1.14888,1.1475,1.14864,3653,0,2019-01-31 13:00:00
1605841200,1.1874,1.18774,1.18731,1.18758,1102,0,2020-11-20 03:00:00
1590022800,1.09783,1.09808,1.09774,1.09781,417,0,2020-05-21 01:00:00
1574035200,1.10492,1.10512,1.10474,1.10508,194,0,2019-11-18 00:00:00
1554825600,1.12781,1.12835,1.12754,1.12785,4102,0,2019-04-09 16:00:00
1655946000,1.05627,1.05686,1.05627,1.05665,539,0,2022-06-23 01:00:00
1427371200,1.10357,1.10433,1.1002,1.1008,7393,0,2015-03-26 12:00:00
1436209200,1.10741,1.10904,1.10692,1.10736,5084,0,2015-07-06 19:00:00
1589349600,1.08496,1.08514,1.08469,1.085,868,0,2020-05-13 06:00:00
1421697600,1.16081,1.16161,1.16017,1.16136,1860,0,2015-01-19 20:00:00
1478541600,1.1033,1.10415,1.10291,1.10363,4094,0,2016-11-07 18:00:00
1626055200,1.1875,1.18753,1.18692,1.18716,620,0,2021-07-12 02:00:00
1718816400,1.07426,1.07498,1.07419,1.07472,1967,0,2024-06-19 17:00:00
1481072400,1.07173,1.07227,1.07167,1.0718,2127,0,2016-12-07 01:00:00
1660345200,1.02595,1.02611,1.02536,1.02557,1183,0,2022-08-12 23:00:00
1680580800,1.09002,1.09006,1.08894,1.08923,1503,0,2023-04-04 04:00:00
1715108400,1.07659,1.07734,1.07652,1.07693,2287,0,2024-05-07 19:00:00
1697612400,1.05746,1.05778,1.05724,1.05747,1347,0,2023-10-18 07:00:00
1728525600,1.09397,1.09414,1.09378,1.09407,720,0,2024-10-10 02:00:00
1481785200,1.05119,1.05133,1.05029,1.05058,3053,0,2016-12-15 07:00:00
1685408400,1.07078,1.07114,1.07066,1.07089,501,0,2023-05-30 01:00:00
1721610000,1.08837,1.08992,1.08834,1.08988,1041,-1,2024-07-22 01:00:00
1712152800,1.07747,1.0784,1.07746,1.07829,2957,0,2024-04-03 14:00:00
1441015200,1.12232,1.12278,1.12059,1.12157,5066,-1,2015-08-31 10:00:00
1457053200,1.09491,1.09512,1.09441,1.09449,2356,0,2016-03-04 01:00:00
1426136400,1.05071,1.05255,1.04933,1.04961,3976,0,2015-03-12 05:00:00
1490140800,1.0806,1.08169,1.08024,1.08116,875,0,2017-03-22 00:00:00
1606500000,1.19434,1.19609,1.19426,1.1953,2116,-1,2020-11-27 18:00:00
1539648000,1.15775,1.15825,1.15775,1.15808,455,0,2018-10-16 00:00:00
1632135600,1.17102,1.17128,1.17045,1.17088,2337,0,2021-09-20 11:00:00
1585818000,1.09454,1.09638,1.09333,1.09356,3236,0,2020-04-02 09:00:00
1713988800,1.06895,1.06966,1.06889,1.06949,2593,0,2024-04-24 20:00:00
1651737600,1.06116,1.06184,1.06051,1.06111,2362,0,2022-05-05 08:00:00
1601679600,1.17115,1.1716,1.17098,1.17156,574,0,2020-10-02 23:00:00
1684893600,1.07713,1.07728,1.07678,1.07682,583,0,2023-05-24 02:00:00
1724151600,1.10859,1.10879,1.10769,1.10789,3340,0,2024-08-20 11:00:00
1597374000,1.18148,1.18152,1.18064,1.18087,836,0,2020-08-14 03:00:00
1519106400,1.2385,1.23926,1.23814,1.23867,2848,0,2018-02-20 06:00:00
1518674400,1.24585,1.24666,1.24545,1.24557,2820,0,2018-02-15 06:00:00
1522720800,1.23001,1.23025,1.22913,1.22923,900,0,2018-04-03 02:00:00
1632333600,1.1734,1.17402,1.1732,1.17374,2642,0,2021-09-22 18:00:00
1606377600,1.19252,1.19379,1.19252,1.19341,793,0,2020-11-26 08:00:00
1617944400,1.19096,1.19096,1.19033,1.19046,976,0,2021-04-09 05:00:00
1424955600,1.13594,1.13606,1.13481,1.13488,3397,1,2015-02-26 13:00:00
1580176800,1.10186,1.1019,1.10165,1.10184,458,1,2020-01-28 02:00:00
1644008400,1.14539,1.14571,1.14467,1.14474,1462,1,2022-02-04 21:00:00
1545080400,1.13543,1.13569,1.13482,1.13493,2112,1,2018-12-17 21:00:00
1728622800,1.09309,1.09367,1.093,1.09359,948,1,2024-10-11 05:00:00
1687406400,1.09874,1.09941,1.09861,1.09927,1097,1,2023-06-22 04:00:00
1538474400,1.15376,1.1547,1.15243,1.15431,6983,0,2018-10-02 10:00:00
1567044000,1.10834,1.10856,1.10824,1.10846,1428,0,2019-08-29 02:00:00
1632711600,1.17218,1.17232,1.17161,1.17165,1229,0,2021-09-27 03:00:00
1452844800,1.08779,1.08888,1.08748,1.08863,3697,0,2016-01-15 08:00:00
1647471600,1.10341,1.10347,1.10297,1.10302,167,0,2022-03-16 23:00:00
1635994800,1.16117,1.16118,1.16023,1.16028,1166,0,2021-11-04 03:00:00
1508302800,1.17684,1.17742,1.17684,1.17716,1652,0,2017-10-18 05:00:00
1550113200,1.12635,1.1269,1.12616,1.12687,1440,0,2019-02-14 03:00:00
1475049600,1.12118,1.12136,1.12065,1.12125,1447,0,2016-09-28 08:00:00
1732842000,1.05485,1.05611,1.05485,1.0559,1065,0,2024-11-29 01:00:00
1587344400,1.08703,1.08727,1.08642,1.08668,768,0,2020-04-20 01:00:00
1471554000,1.1342,1.13555,1.13401,1.13541,3723,0,2016-08-18 21:00:00
1421708400,1.16084,1.161,1.16038,1.16062,1335,0,2015-01-19 23:00:00
1485943200,1.07806,1.07977,1.07785,1.07965,5197,0,2017-02-01 10:00:00
1641200400,1.13427,1.13492,1.13341,1.13472,1291,0,2022-01-03 09:00:00
1606424400,1.19126,1.19176,1.19126,1.19141,357,0,2020-11-26 21:00:00
1712217600,1.08418,1.08456,1.08402,1.08409,1393,0,2024-04-04 08:00:00
1588615200,1.09147,1.09169,1.08997,1.09095,2570,0,2020-05-04 18:00:00
1626789600,1.17815,1.17921,1.17752,1.17871,2377,0,2021-07-20 14:00:00
1677088800,1.0626,1.06332,1.06164,1.0622,6161,0,2023-02-22 18:00:00
1718319600,1.07395,1.07423,1.07355,1.07356,780,0,2024-06-13 23:00:00
1458320400,1.12964,1.12968,1.12807,1.12908,6151,0,2016-03-18 17:00:00
1440050400,1.11313,1.11366,1.11303,1.11336,1890,0,2015-08-20 06:00:00
1724439600,1.11746,1.1178,1.11635,1.11731,4046,0,2024-08-23 19:00:00
1450382400,1.0818,1.08205,1.08059,1.08074,3954,0,2015-12-17 20:00:00
1710151200,1.0941,1.09472,1.09377,1.09437,4756,0,2024-03-11 10:00:00
1446606000,1.09558,1.09572,1.09437,1.09463,2998,-1,2015-11-04 03:00:00
1729724400,1.07848,1.07854,1.07809,1.07809,1563,0,2024-10-23 23:00:00
1440709200,1.12543,1.12667,1.12461,1.1266,6311,0,2015-08-27 21:00:00
1533679200,1.15933,1.15989,1.15899,1.15965,1407,-1,2018-08-07 22:00:00
1599778800,1.18162,1.18184,1.18093,1.1813,601,-1,2020-09-10 23:00:00
1542261600,1.13293,1.13412,1.13265,1.13371,1464,-1,2018-11-15 06:00:00
1458813600,1.11601,1.1176,1.11482,1.11647,7224,0,2016-03-24 10:00:00
1670583600,1.05603,1.05654,1.05461,1.05564,6846,0,2022-12-09 11:00:00
1447887600,1.06509,1.06595,1.06507,1.06586,1704,0,2015-11-18 23:00:00
1649066400,1.10387,1.10418,1.10267,1.10305,4376,0,2022-04-04 10:00:00
1689044400,1.10045,1.10078,1.10005,1.10056,1600,0,2023-07-11 03:00:00
1734400800,1.05159,1.05333,1.05141,1.05277,2108,0,2024-12-17 02:00:00
1494856800,1.0969,1.09726,1.09634,1.09651,1246,0,2017-05-15 14:00:00
1714356000,1.07009,1.07062,1.06994,1.0706,1046,0,2024-04-29 02:00:00
1516345200,1.22617,1.22628,1.22523,1.22599,2019,-1,2018-01-19 07:00:00
1453230000,1.09036,1.09309,1.08999,1.09265,5868,0,2016-01-19 19:00:00
1459447200,1.1397,1.13979,1.13786,1.1389,7687,0,2016-03-31 18:00:00
1563980400,1.11402,1.11462,1.11384,1.11411,2397,0,2019-07-24 15:00:00
1629075600,1.17931,1.17999,1.17907,1.17925,481,0,2021-08-16 01:00:00
1644822000,1.13443,1.13515,1.13413,1.13507,948,0,2022-02-14 07:00:00
1701835200,1.0791,1.07927,1.07872,1.07912,1847,0,2023-12-06 04:00:00
1731621600,1.05467,1.05484,1.0511,1.05194,9616,0,2024-11-14 22:00:00
1558994400,1.11893,1.11918,1.11893,1.11909,149,0,2019-05-27 22:00:00
1617793200,1.18775,1.18866,1.18651,1.18854,2361,0,2021-04-07 11:00:00
1613624400,1.2043,1.20441,1.2035,1.20359,736,0,2021-02-18 05:00:00
1686074400,1.06899,1.0696,1.06839,1.06937,2652,0,2023-06-06 18:00:00
1563246000,1.12593,1.12623,1.12567,1.12576,823,0,2019-07-16 03:00:00
1681250400,1.09069,1.0916,1.09065,1.09132,1287,0,2023-04-11 22:00:00
1426564800,1.05588,1.05724,1.0558,1.057,2660,0,2015-03-17 04:00:00
1700474400,1.09152,1.09287,1.09144,1.09182,4357,0,2023-11-20 10:00:00
1595962800,1.17311,1.17364,1.17273,1.17338,1589,0,2020-07-28 19:00:00
1657508400,1.01667,1.01667,1.01524,1.01537,3067,0,2022-07-11 03:00:00
1485172800,1.07249,1.07442,1.07249,1.07368,4633,0,2017-01-23 12:00:00
1508166000,1.1805,1.18083,1.17952,1.18061,6045,0,2017-10-16 15:00:00
1721707200,1.08887,1.08931,1.08865,1.08878,1383,0,2024-07-23 04:00:00
1558080000,1.11786,1.11793,1.11699,1.11723,939,0,2019-05-17 08:00:00
1589382000,1.0876,1.08804,1.08705,1.08783,2525,0,2020-05-13 15:00:00
1438714800,1.09523,1.09623,1.09481,1.09615,4050,0,2015-08-04 19:00:00
1701327600,1.0968,1.09722,1.09642,1.09712,1500,0,2023-11-30 07:00:00
1504756800,1.19219,1.19235,1.19184,1.1923,4764,0,2017-09-07 04:00:00
1616652000,1.18223,1.18232,1.18179,1.18199,874,0,2021-03-25 06:00:00
1506996000,1.17378,1.17389,1.17305,1.17308,1675,0,2017-10-03 02:00:00
1433833200,1.13156,1.13185,1.13078,1.13097,2295,0,2015-06-09 07:00:00
1513022400,1.1791,1.17931,1.17828,1.1791,1898,0,2017-12-11 20:00:00
1639008000,1.13411,1.1345,1.13395,1.1341,209,0,2021-12-09 00:00:00
1690826400,1.10241,1.10287,1.10113,1.10173,4012,0,2023-07-31 18:00:00
1473249600,1.12389,1.12428,1.12354,1.12384,4352,1,2016-09-07 12:00:00
1734688800,1.03816,1.03974,1.0377,1.03913,5104,1,2024-12-20 10:00:00
1468238400,1.10255,1.10337,1.10202,1.10315,4338,1,2016-07-11 12:00:00
1520978400,1.23845,1.23929,1.23837,1.23884,1254,0,2018-03-13 22:00:00
1695301200,1.06525,1.0662,1.06462,1.06496,3037,0,2023-09-21 13:00:00
1566424800,1.10851,1.10886,1.10803,1.10841,2726,0,2019-08-21 22:00:00
1707462000,1.07701,1.07731,1.07686,1.07702,785,0,2024-02-09 07:00:00
1669928400,1.0507,1.05194,1.04953,1.05177,6337,0,2022-12-01 21:00:00
1660809600,1.0166,1.01776,1.01622,1.01637,2113,0,2022-08-18 08:00:00
1690549200,1.09726,1.09957,1.09696,1.09927,2577,0,2023-07-28 13:00:00
1553497200,1.12974,1.13035,1.12974,1.13024,983,0,2019-03-25 07:00:00
1622642400,1.21727,1.21794,1.21633,1.21792,2184,0,2021-06-02 14:00:00
1698652800,1.05607,1.05648,1.05556,1.05641,1650,0,2023-10-30 08:00:00
1724292000,1.11552,1.11571,1.11521,1.11541,821,0,2024-08-22 02:00:00
1643389200,1.11566,1.11666,1.11374,1.11633,4676,0,2022-01-28 17:00:00
1682715600,1.10229,1.10251,1.10144,1.10162,2179,0,2023-04-28 21:00:00
1669248000,1.03944,1.03983,1.03903,1.03935,717,0,2022-11-24 00:00:00
1649433600,1.0852,1.08572,1.08356,1.08393,5064,0,2022-04-08 16:00:00
1607313600,1.2134,1.21395,1.21318,1.21357,1027,0,2020-12-07 04:00:00
1442588400,1.14302,1.14303,1.14093,1.14218,7342,0,2015-09-18 15:00:00
1511564400,1.19298,1.19379,1.19246,1.19309,7780,0,2017-11-24 23:00:00
1598040000,1.17715,1.1785,1.17688,1.17839,1313,0,2020-08-21 20:00:00
1493852400,1.08945,1.08948,1.08821,1.08848,694,0,2017-05-03 23:00:00
1465441200,1.14018,1.14068,1.13983,1.13986,2744,0,2016-06-09 03:00:00
1679878800,1.07678,1.07791,1.07641,1.07765,2236,0,2023-03-27 01:00:00
1499101200,1.13712,1.13729,1.13589,1.13671,2125,0,2017-07-03 17:00:00
1698051600,1.05764,1.05855,1.05705,1.05816,2221,0,2023-10-23 09:00:00
1566943200,1.10921,1.10921,1.10875,1.10891,1192,1,2019-08-27 22:00:00
1449039600,1.06133,1.06143,1.06105,1.06114,1306,0,2015-12-02 07:00:00
1707512400,1.07858,1.0787,1.07805,1.07816,1725,0,2024-02-09 21:00:00
1677808800,1.05973,1.06109,1.05958,1.06098,1444,0,2023-03-03 02:00:00
1492106400,1.06233,1.06335,1.06208,1.06291,1162,0,2017-04-13 18:00:00
1714633200,1.07137,1.07195,1.07133,1.07167,874,0,2024-05-02 07:00:00
1654102800,1.07075,1.07075,1.06507,1.06665,7549,0,2022-06-01 17:00:00
1634018400,1.15555,1.15599,1.15555,1.15588,652,-1,2021-10-12 06:00:00
1719885600,1.07362,1.07367,1.07348,1.07355,388,0,2024-07-02 02:00:00
1724900400,1.11237,1.11316,1.11232,1.11305,1433,0,2024-08-29 03:00:00
1503424800,1.17619,1.17712,1.17605,1.17612,4833,-1,2017-08-22 18:00:00
1626976800,1.17904,1.17913,1.17633,1.17665,2686,0,2021-07-22 18:00:00
1509944400,1.16164,1.16175,1.16103,1.16132,2170,0,2017-11-06 05:00:00
1720458000,1.08402,1.08438,1.08312,1.08337,4021,0,2024-07-08 17:00:00
1677013200,1.06418,1.06516,1.06389,1.06477,2667,0,2023-02-21 21:00:00
1438912800,1.09254,1.09268,1.09211,1.09219,1023,0,2015-08-07 02:00:00
1453723200,1.08149,1.08235,1.08127,1.08143,4969,0,2016-01-25 12:00:00
1585828800,1.09182,1.0939,1.0914,1.09342,3434,0,2020-04-02 12:00:00
1630378800,1.17958,1.18024,1.17946,1.18014,906,0,2021-08-31 03:00:00
1540274400,1.14606,1.14606,1.14524,1.14536,1205,0,2018-10-23 06:00:00
1440532800,1.14224,1.14455,1.14133,1.14337,8110,0,2015-08-25 20:00:00
1484769600,1.06823,1.06827,1.06627,1.06657,4183,0,2017-01-18 20:00:00
1698408000,1.0561,1.05646,1.05593,1.05636,2452,0,2023-10-27 12:00:00
1452117600,1.07878,1.07989,1.07794,1.07865,4565,0,2016-01-06 22:00:00
1470661200,1.10911,1.10926,1.10801,1.10802,4434,0,2016-08-08 13:00:00
1614740400,1.20855,1.20925,1.20842,1.20908,1076,0,2021-03-03 03:00:00
1555653600,1.12356,1.12363,1.12356,1.1236,156,0,2019-04-19 06:00:00
1532941200,1.16631,1.16631,1.16519,1.16542,2683,0,2018-07-30 09:00:00
1537246800,1.16792,1.16837,1.16756,1.16805,1124,0,2018-09-18 05:00:00
1518706800,1.24751,1.24942,1.24612,1.2473,10149,0,2018-02-15 15:00:00
1466704800,1.13483,1.13825,1.13396,1.13692,7311,0,2016-06-23 18:00:00
1665126000,0.9804,0.98065,0.97906,0.97906,3121,0,2022-10-07 07:00:00
1482411600,1.04642,1.04694,1.04453,1.04483,3917,0,2016-12-22 13:00:00
1634709600,1.1637,1.1645,1.16365,1.16431,711,0,2021-10-20 06:00:00
1498863600,1.14207,1.1423,1.14175,1.14203,717,0,2017-06-30 23:00:00
1688605200,1.08519,1.08562,1.08518,1.08521,521,0,2023-07-06 01:00:00
1631246400,1.18234,1.18241,1.18181,1.18207,950,0,2021-09-10 04:00:00
1451574000,1.08826,1.08944,1.08784,1.08867,4632,0,2015-12-31 15:00:00
1527228000,1.17073,1.17118,1.17054,1.17083,1363,0,2018-05-25 06:00:00
1529946000,1.1679,1.16896,1.16704,1.1687,6741,0,2018-06-25 17:00:00
1557892800,1.12029,1.12075,1.1202,1.12063,971,0,2019-05-15 04:00:00
1625486400,1.18696,1.18795,1.18687,1.18754,1414,0,2021-07-05 12:00:00
1729026000,1.08841,1.08894,1.08829,1.08863,2182,0,2024-10-15 21:00:00
1474952400,1.12479,1.12493,1.12418,1.12435,3004,0,2016-09-27 05:00:00
1565618400,1.11966,1.11976,1.11856,1.11879,3374,0,2019-08-12 14:00:00
1449252000,1.0887,1.08987,1.08734,1.08827,9718,1,2015-12-04 18:00:00
1679086800,1.068,1.0682,1.066,1.06604,3163,0,2023-03-17 21:00:00
1694728800,1.06342,1.06434,1.06336,1.06419,2140,0,2023-09-14 22:00:00
1581372000,1.09133,1.09145,1.09069,1.09116,847,0,2020-02-10 22:00:00
1463522400,1.13163,1.13217,1.1314,1.1314,1899,-1,2016-05-17 22:00:00
1446231600,1.10193,1.10242,1.10104,1.10166,4596,0,2015-10-30 19:00:00
1521745200,1.23056,1.23101,1.22912,1.23017,4682,0,2018-03-22 19:00:00
1503442800,1.17592,1.17634,1.17567,1.17604,2395,0,2017-08-22 23:00:00
1606104000,1.18759,1.18759,1.18713,1.18736,569,0,2020-11-23 04:00:00
1572004800,1.11201,1.11221,1.11126,1.11146,1054,0,2019-10-25 12:00:00
1733126400,1.05209,1.05353,1.05203,1.05319,3877,0,2024-12-02 08:00:00
1726200000,1.10861,1.1088,1.10793,1.10807,1742,0,2024-09-13 04:00:00
1629306000,1.17177,1.17186,1.17057,1.17107,2329,0,2021-08-18 17:00:00
1699322400,1.07174,1.07184,1.07108,1.07129,1053,1,2023-11-07 02:00:00
1468375200,1.10624,1.10664,1.10579,1.10593,1504,0,2016-07-13 02:00:00
1632466800,1.17403,1.17412,1.17352,1.17362,458,0,2021-09-24 07:00:00
1586152800,1.08109,1.08212,1.08098,1.08141,2023,0,2020-04-06 06:00:00
1733457600,1.05677,1.05772,1.05673,1.0576,2262,0,2024-12-06 04:00:00
1734505200,1.05021,1.05039,1.04991,1.05014,1653,0,2024-12-18 07:00:00
1692936000,1.07936,1.07941,1.07863,1.07881,2023,0,2023-08-25 04:00:00
1628636400,1.17179,1.172,1.1714,1.1714,339,-1,2021-08-10 23:00:00
1609257600,1.22528,1.22742,1.22494,1.22664,2028,0,2020-12-29 16:00:00
1608224400,1.225,1.22601,1.22398,1.22443,2538,0,2020-12-17 17:00:00
1572278400,1.10934,1.10971,1.10898,1.1091,1937,0,2019-10-28 16:00:00
1590674400,1.10065,1.1019,1.09993,1.1006,2126,0,2020-05-28 14:00:00
1639987200,1.12534,1.12552,1.12473,1.12511,1383,0,2021-12-20 08:00:00
1637755200,1.12072,1.12185,1.12025,1.12078,2817,0,2021-11-24 12:00:00
1564380000,1.11311,1.11315,1.11279,1.11281,528,1,2019-07-29 06:00:00
1565650800,1.12119,1.12151,1.12109,1.1212,705,1,2019-08-12 23:00:00
1714532400,1.06653,1.06662,1.0657,1.06605,1668,1,2024-05-01 03:00:00
1643785200,1.12737,1.1275,1.12701,1.12723,517,0,2022-02-02 07:00:00
1464372000,1.11332,1.11408,1.1125,1.11385,5249,0,2016-05-27 18:00:00
1579773600,1.10884,1.10888,1.10814,1.10829,1514,0,2020-01-23 10:00:00
1689120000,1.10069,1.10079,1.09972,1.10037,225,0,2023-07-12 00:00:00
1584460800,1.0994,1.10137,1.09545,1.09696,6892,0,2020-03-17 16:00:00
1593025200,1.12697,1.12798,1.12658,1.12772,2073,0,2020-06-24 19:00:00
1671454800,1.06185,1.06188,1.06035,1.06053,5743,0,2022-12-19 13:00:00
1467410400,1.11249,1.11389,1.11222,1.11338,3084,0,2016-07-01 22:00:00
1539028800,1.1479,1.14913,1.14702,1.14887,1696,0,2018-10-08 20:00:00
1695250800,1.0658,1.06618,1.06494,1.06596,1645,0,2023-09-20 23:00:00
1514419200,1.18852,1.19015,1.18852,1.18981,2677,0,2017-12-28 00:00:00
1639148400,1.12781,1.13082,1.12658,1.12929,4426,0,2021-12-10 15:00:00
1509994800,1.1598,1.1613,1.15976,1.16109,6087,0,2017-11-06 19:00:00
1545350400,1.14444,1.14521,1.14415,1.14478,1018,0,2018-12-21 00:00:00
1543388400,1.12948,1.12975,1.12926,1.12937,1343,0,2018-11-28 07:00:00
1622811600,1.21149,1.21171,1.21031,1.21066,1376,0,2021-06-04 13:00:00
1537920000,1.17649,1.17689,1.17607,1.17642,782,0,2018-09-26 00:00:00
1535436000,1.16748,1.16769,1.16697,1.16733,1065,0,2018-08-28 06:00:00
1661367600,0.99663,0.9973,0.9944,0.99524,3496,1,2022-08-24 19:00:00
1642446000,1.14088,1.14151,1.14078,1.1411,922,0,2022-01-17 19:00:00
1714957200,1.07627,1.07633,1.07604,1.07613,398,0,2024-05-06 01:00:00
1425348000,1.11757,1.11848,1.11757,1.11815,1862,0,2015-03-03 02:00:00
1712941200,1.06419,1.06453,1.06216,1.0629,7095,0,2024-04-12 17:00:00
1541185200,1.1385,1.13857,1.13749,1.13823,2691,0,2018-11-02 19:00:00
1617267600,1.17166,1.17328,1.17121,1.17314,1659,0,2021-04-01 09:00:00
1468807200,1.10573,1.10589,1.10507,1.10551,3088,0,2016-07-18 02:00:00
1483596000,1.05196,1.05281,1.05169,1.05255,2981,0,2017-01-05 06:00:00
1685077200,1.07318,1.07365,1.07313,1.07332,1282,0,2023-05-26 05:00:00
1721077200,1.08938,1.09008,1.08924,1.09004,2964,0,2024-07-15 21:00:00
1423699200,1.13317,1.13513,1.13211,1.13293,2623,-1,2015-02-12 00:00:00
1732046400,1.05792,1.05893,1.05699,1.05889,3524,0,2024-11-19 20:00:00
1572426000,1.11141,1.11226,1.11118,1.11206,1743,0,2019-10-30 09:00:00
1447156800,1.07359,1.07438,1.07296,1.07344,3917,0,2015-11-10 12:00:00
1531879200,1.16573,1.16573,1.16478,1.16525,1622,-1,2018-07-18 02:00:00
1675951200,1.07622,1.07713,1.07581,1.07685,3455,0,2023-02-09 14:00:00
1713254400,1.06133,1.06196,1.06127,1.06175,1516,0,2024-04-16 08:00:00
1702544400,1.09008,1.0907,1.08801,1.08802,5359,0,2023-12-14 09:00:00
1693526400,1.08342,1.08427,1.08342,1.08403,717,0,2023-09-01 00:00:00
1599141600,1.18117,1.18126,1.18012,1.18125,1700,0,2020-09-03 14:00:00
1547726400,1.13928,1.14012,1.13879,1.13993,3025,0,2019-01-17 12:00:00
1728918000,1.09113,1.09158,1.09063,1.09086,3423,0,2024-10-14 15:00:00
1699891200,1.06719,1.06793,1.06671,1.0676,4139,0,2023-11-13 16:00:00
1713463200,1.06528,1.06639,1.06527,1.06589,4018,0,2024-04-18 18:00:00
1542826800,1.13919,1.14017,1.13795,1.13952,2460,0,2018-11-21 19:00:00
1472760000,1.11969,1.12024,1.11902,1.11923,2532,0,2016-09-01 20:00:00
1592308800,1.13355,1.13404,1.13213,1.13328,2138,0,2020-06-16 12:00:00
1661428800,1.00063,1.00105,0.99862,0.99962,3909,0,2022-08-25 12:00:00
1614967200,1.19063,1.19166,1.19052,1.19129,4867,0,2021-03-05 18:00:00
1468299600,1.10761,1.10903,1.10727,1.1086,3525,0,2016-07-12 05:00:00
1446523200,1.10099,1.10148,1.10098,1.10139,800,0,2015-11-03 04:00:00
1527174000,1.17129,1.17365,1.17124,1.17258,7968,0,2018-05-24 15:00:00
1497268800,1.12248,1.12255,1.12151,1.12158,1305,0,2017-06-12 12:00:00
1582790400,1.09069,1.0917,1.09051,1.09103,1642,0,2020-02-27 08:00:00
1464742800,1.11289,1.11328,1.11277,1.11307,2024,0,2016-06-01 01:00:00
1429225200,1.07691,1.07709,1.07563,1.07601,2669,0,2015-04-16 23:00:00
1500994800,1.1666,1.16984,1.1666,1.16879,2611,0,2017-07-25 15:00:00
1426100400,1.05721,1.05765,1.05105,1.05309,9867,0,2015-03-11 19:00:00
1670878800,1.05217,1.05254,1.05098,1.05214,4643,0,2022-12-12 21:00:00
1462572000,1.13979,1.14067,1.1397,1.14033,2855,0,2016-05-06 22:00:00
1661983200,1.00438,1.00519,1.00399,1.00481,5035,0,2022-08-31 22:00:00
1629403200,1.16875,1.16876,1.16764,1.16768,1056,0,2021-08-19 20:00:00
1493010000,1.08397,1.08397,1.082,1.08373,1899,0,2017-04-24 05:00:00
1612360800,1.20154,1.20221,1.20042,1.20097,1653,0,2021-02-03 14:00:00
1515776400,1.21371,1.21544,1.21317,1.21472,11011,0,2018-01-12 17:00:00
1428681600,1.05889,1.06256,1.05794,1.06028,8629,0,2015-04-10 16:00:00
1437544800,1.09252,1.0936,1.09232,1.09335,3002,0,2015-07-22 06:00:00
1494291600,1.09212,1.09258,1.09181,1.09248,614,0,2017-05-09 01:00:00
1573797600,1.10253,1.10255,1.10237,1.10252,351,0,2019-11-15 06:00:00
1546948800,1.14512,1.14512,1.14334,1.14454,3425,0,2019-01-08 12:00:00
1631113200,1.18216,1.18287,1.18202,1.18202,2518,0,2021-09-08 15:00:00
1662339600,0.99202,0.99316,0.99024,0.9921,3033,0,2022-09-05 01:00:00
1699470000,1.07135,1.07137,1.07003,1.07067,3329,0,2023-11-08 19:00:00
1732820400,1.05529,1.05546,1.05494,1.05518,1236,0,2024-11-28 19:00:00
1441710000,1.11782,1.11886,1.11722,1.11825,6152,0,2015-09-08 11:00:00
1602723600,1.1747,1.17497,1.17398,1.1742,701,0,2020-10-15 01:00:00
1652724000,1.0402,1.04191,1.03967,1.04187,3142,0,2022-05-16 18:00:00
1452502800,1.09309,1.09312,1.08923,1.08998,5019,0,2016-01-11 09:00:00
1634601600,1.16079,1.1611,1.16073,1.16087,426,0,2021-10-19 00:00:00
1704369600,1.09668,1.09714,1.09535,1.09547,4028,0,2024-01-04 12:00:00
1491184800,1.06704,1.06729,1.06667,1.06684,659,0,2017-04-03 02:00:00
1629284400,1.17231,1.17251,1.1717,1.17194,1277,0,2021-08-18 11:00:00
1675450800,1.08241,1.0836,1.08216,1.08239,4398,0,2023-02-03 19:00:00
1623027600,1.21622,1.21662,1.21612,1.21624,463,0,2021-06-07 01:00:00
1468587600,1.11407,1.11429,1.11336,1.11356,4557,0,2016-07-15 13:00:00
1513850400,1.18714,1.188,1.18636,1.18781,5862,0,2017-12-21 10:00:00
1724706000,1.11688,1.11702,1.11586,1.11627,2071,0,2024-08-26 21:00:00
1688043600,1.09161,1.09271,1.09156,1.0927,2023,0,2023-06-29 13:00:00
1430708400,1.11876,1.1194,1.11758,1.11865,2639,0,2015-05-04 03:00:00
1546866000,1.1438,1.14435,1.14326,1.14398,2180,0,2019-01-07 13:00:00
1678935600,1.05885,1.0598,1.05852,1.05927,5180,1,2023-03-16 03:00:00
1622808000,1.21112,1.21162,1.21077,1.21149,1380,0,2021-06-04 12:00:00
1552914000,1.13514,1.13577,1.13502,1.13563,2080,0,2019-03-18 13:00:00
1692802800,1.08103,1.0812,1.08016,1.08034,4191,0,2023-08-23 15:00:00
1674788400,1.08953,1.08983,1.08851,1.08887,2202,0,2023-01-27 03:00:00
1510729200,1.17918,1.17929,1.17855,1.17858,1660,0,2017-11-15 07:00:00
1484060400,1.05679,1.0576,1.05578,1.05739,5543,0,2017-01-10 15:00:00
1471384800,1.12758,1.12785,1.1273,1.12778,1682,0,2016-08-16 22:00:00
1521597600,1.22474,1.22558,1.22458,1.22555,1662,0,2018-03-21 02:00:00
1554930000,1.12738,1.12765,1.12622,1.12703,2603,0,2019-04-10 21:00:00
1617861600,1.18691,1.18731,1.1869,1.18701,634,0,2021-04-08 06:00:00
1695027600,1.06685,1.06769,1.06578,1.06578,2796,0,2023-09-18 09:00:00
1648753200,1.10919,1.10929,1.10751,1.10809,3777,0,2022-03-31 19:00:00
1707444000,1.07767,1.07777,1.07715,1.07721,1294,0,2024-02-09 02:00:00
1547038800,1.14514,1.14555,1.1438,1.14555,2571,0,2019-01-09 13:00:00
1711659600,1.07863,1.07883,1.07836,1.07871,1938,0,2024-03-28 21:00:00
1565802000,1.11562,1.11585,1.11363,1.1148,5623,0,2019-08-14 17:00:00
1672106400,1.06389,1.0645,1.06337,1.06415,2619,0,2022-12-27 02:00:00
1697097600,1.06301,1.06328,1.06284,1.06303,1362,0,2023-10-12 08:00:00
1611774000,1.20998,1.21185,1.20965,1.21171,2043,0,2021-01-27 19:00:00
1544727600,1.13574,1.13633,1.13463,1.13562,3735,0,2018-12-13 19:00:00
1464926400,1.11431,1.11504,1.1143,1.11484,2314,0,2016-06-03 04:00:00
1562896800,1.12556,1.1256,1.12488,1.1249,488,0,2019-07-12 02:00:00
1707202800,1.07483,1.07533,1.07479,1.07527,2985,0,2024-02-06 07:00:00
1661997600,1.005,1.005,1.00344,1.00371,1588,0,2022-09-01 02:00:00
1653462000,1.0713,1.07133,1.07043,1.07047,1312,0,2022-05-25 07:00:00
1524657600,1.2202,1.22146,1.21997,1.22049,3686,0,2018-04-25 12:00:00
1551258000,1.13744,1.1383,1.13725,1.13775,2301,0,2019-02-27 09:00:00
1488373200,1.05446,1.05451,1.05257,1.05346,2182,0,2017-03-01 13:00:00
1623340800,1.21854,1.21925,1.21424,1.21815,5432,0,2021-06-10 16:00:00
1528246800,1.17159,1.17196,1.1715,1.17196,793,0,2018-06-06 01:00:00
1698778800,1.05665,1.05793,1.05649,1.05742,3360,0,2023-10-31 19:00:00
1732190400,1.05162,1.05276,1.05128,1.05199,3419,0,2024-11-21 12:00:00
1444885200,1.1471,1.14889,1.14695,1.14883,2546,0,2015-10-15 05:00:00
1432274400,1.11336,1.1147,1.11283,1.11457,2584,0,2015-05-22 06:00:00
1597719600,1.18736,1.1891,1.18734,1.18897,1057,0,2020-08-18 03:00:00
1611813600,1.20905,1.20932,1.20862,1.20928,966,0,2021-01-28 06:00:00
1562817600,1.12603,1.12631,1.12572,1.1261,1044,0,2019-07-11 04:00:00
1460700000,1.12586,1.12629,1.12579,1.12615,825,0,2016-04-15 06:00:00
1619600400,1.20701,1.20777,1.20585,1.20586,1329,0,2021-04-28 09:00:00
1569859200,1.08977,1.09044,1.08902,1.09006,3563,0,2019-09-30 16:00:00
1530284400,1.1649,1.16639,1.16343,1.16436,8954,0,2018-06-29 15:00:00
1636099200,1.15523,1.15562,1.15496,1.15536,1261,0,2021-11-05 08:00:00
1427821200,1.07375,1.0772,1.07216,1.07408,11345,1,2015-03-31 17:00:00
1574427600,1.10559,1.10642,1.10505,1.10639,1680,0,2019-11-22 13:00:00
1549026000,1.14666,1.14741,1.14645,1.14689,2518,0,2019-02-01 13:00:00
1502820000,1.17182,1.17381,1.17136,1.17352,6548,0,2017-08-15 18:00:00
1538496000,1.15377,1.15425,1.15282,1.15322,3923,0,2018-10-02 16:00:00
1616698800,1.1762,1.17754,1.17611,1.17738,2137,0,2021-03-25 19:00:00
1433970000,1.13125,1.13222,1.1311,1.1316,4078,0,2015-06-10 21:00:00
1604574000,1.17614,1.18016,1.17544,1.17937,2620,0,2020-11-05 11:00:00
1555912800,1.1239,1.12406,1.1236,1.12361,426,0,2019-04-22 06:00:00
1694066400,1.07271,1.07309,1.07239,1.0729,845,0,2023-09-07 06:00:00
1465516800,1.13156,1.13181,1.1312,1.13158,1033,0,2016-06-10 00:00:00
1481900400,1.04348,1.04568,1.04304,1.04447,6668,0,2016-12-16 15:00:00
1599534000,1.18179,1.18209,1.18043,1.18062,932,0,2020-09-08 03:00:00
1678456800,1.05888,1.05977,1.05799,1.05935,4238,0,2023-03-10 14:00:00
1601506800,1.17222,1.17266,1.17185,1.17185,942,0,2020-09-30 23:00:00
1581379200,1.09092,1.09126,1.09076,1.09098,566,0,2020-02-11 00:00:00
1662098400,0.99572,0.99616,0.99571,0.99611,1021,0,2022-09-02 06:00:00
1518152400,1.22544,1.22611,1.22526,1.22563,4979,0,2018-02-09 05:00:00
1627916400,1.1889,1.18897,1.18707,1.18722,1987,0,2021-08-02 15:00:00
1686949200,1.09384,1.09447,1.09365,1.09437,1473,0,2023-06-16 21:00:00
1482804000,1.04531,1.04546,1.04444,1.04445,5186,0,2016-12-27 02:00:00
1644480000,1.1425,1.14272,1.14196,1.14218,900,0,2022-02-10 08:00:00
1719406800,1.0688,1.06881,1.06811,1.06839,2441,0,2024-06-26 13:00:00
1461855600,1.13445,1.13583,1.13358,1.13447,7992,0,2016-04-28 15:00:00
1466632800,1.13073,1.13097,1.12985,1.13005,2790,0,2016-06-22 22:00:00
1542387600,1.14045,1.14058,1.13905,1.1394,4139,0,2018-11-16 17:00:00
1481166000,1.07536,1.07656,1.0748,1.07653,2101,0,2016-12-08 03:00:00
1539190800,1.15188,1.15339,1.15186,1.15333,6494,0,2018-10-10 17:00:00
1561676400,1.13676,1.13709,1.13675,1.13679,890,0,2019-06-27 23:00:00
1536688800,1.15833,1.15905,1.15754,1.15901,2547,0,2018-09-11 18:00:00
1507194000,1.17538,1.17639,1.17472,1.17627,4794,0,2017-10-05 09:00:00
1608195600,1.22299,1.22377,1.22257,1.22326,1747,0,2020-12-17 09:00:00
1542312000,1.13145,1.13373,1.13082,1.13168,3787,0,2018-11-15 20:00:00
1633942800,1.15728,1.15859,1.15715,1.15821,1933,0,2021-10-11 09:00:00
1625745600,1.18216,1.18347,1.18206,1.18328,2543,0,2021-07-08 12:00:00
1487682000,1.05378,1.0545,1.05314,1.05419,1457,1,2017-02-21 13:00:00
1528675200,1.17712,1.17742,1.17702,1.17731,964,0,2018-06-11 00:00:00
1529424000,1.15539,1.15661,1.15497,1.15605,8239,0,2018-06-19 16:00:00
1574143200,1.10736,1.10746,1.10733,1.10742,300,1,2019-11-19 06:00:00
1581926400,1.08388,1.08397,1.08332,1.08343,636,0,2020-02-17 08:00:00
1436518800,1.11157,1.113,1.10895,1.1094,8259,0,2015-07-10 09:00:00
1448967600,1.06062,1.06181,1.05932,1.05967,5950,0,2015-12-01 11:00:00
1435906800,1.10926,1.10959,1.10898,1.10955,1308,0,2015-07-03 07:00:00
1432130400,1.10918,1.11111,1.10886,1.11104,7223,0,2015-05-20 14:00:00
1623416400,1.21533,1.21601,1.21482,1.21504,1836,0,2021-06-11 13:00:00
1581692400,1.08394,1.08589,1.08351,1.08543,2324,0,2020-02-14 15:00:00
1441234800,1.12264,1.12358,1.12217,1.12264,2146,0,2015-09-02 23:00:00
1592182800,1.12397,1.12509,1.12256,1.12461,1271,0,2020-06-15 01:00:00
1481536800,1.0564,1.0581,1.05611,1.05664,6693,0,2016-12-12 10:00:00
1506394800,1.18548,1.18588,1.18492,1.18535,4068,0,2017-09-26 03:00:00
1686862800,1.09423,1.09504,1.09411,1.09495,1326,0,2023-06-15 21:00:00
1609894800,1.22954,1.23008,1.2294,1.22979,807,0,2021-01-06 01:00:00
1428508800,1.08616,1.08649,1.08435,1.08555,7555,0,2015-04-08 16:00:00
1619791200,1.20793,1.20885,1.20771,1.20799,1447,0,2021-04-30 14:00:00
1644580800,1.13854,1.13988,1.1383,1.13972,2084,0,2022-02-11 12:00:00
1481587200,1.0633,1.06413,1.0633,1.06387,1738,0,2016-12-13 00:00:00
1704999600,1.09413,1.09536,1.09405,1.095,6625,0,2024-01-11 19:00:00
1724335200,1.11441,1.11443,1.11311,1.11359,2737,0,2024-08-22 14:00:00
1581588000,1.08783,1.08869,1.08748,1.08861,1579,0,2020-02-13 10:00:00
1710162000,1.09404,1.09426,1.09369,1.0942,2035,0,2024-03-11 13:00:00
1629961200,1.17619,1.17666,1.1761,1.17633,375,0,2021-08-26 07:00:00
1496016000,1.11694,1.11755,1.11673,1.11754,585,0,2017-05-29 00:00:00
1615453200,1.19297,1.19456,1.19238,1.19375,1711,0,2021-03-11 09:00:00
1649145600,1.09634,1.09714,1.09616,1.09681,1938,0,2022-04-05 08:00:00
1470978000,1.11375,1.11397,1.11345,1.11384,1313,0,2016-08-12 05:00:00
1702965600,1.09245,1.0926,1.09193,1.09221,1555,0,2023-12-19 06:00:00
1539676800,1.15718,1.15719,1.15654,1.15703,1790,0,2018-10-16 08:00:00
1534129200,1.13941,1.13986,1.13772,1.13773,3044,0,2018-08-13 03:00:00
1562914800,1.1271,1.1273,1.12689,1.12705,813,0,2019-07-12 07:00:00
1495069200,1.11637,1.11679,1.11604,1.11608,1119,0,2017-05-18 01:00:00
1618952400,1.20264,1.20297,1.20226,1.20296,894,0,2021-04-20 21:00:00
1505232000,1.19289,1.19504,1.19289,1.19456,6338,0,2017-09-12 16:00:00
1455026400,1.12124,1.12356,1.12088,1.12279,9345,0,2016-02-09 14:00:00
1455318000,1.12539,1.12586,1.12471,1.1253,2307,0,2016-02-12 23:00:00
1700604000,1.09141,1.09157,1.09103,1.0911,1575,1,2023-11-21 22:00:00
1642003200,1.14095,1.14172,1.13937,1.14148,4785,0,2022-01-12 16:00:00
1543989600,1.13294,1.13326,1.13222,1.13275,1625,0,2018-12-05 06:00:00
1485777600,1.06948,1.0699,1.06894,1.0692,3520,0,2017-01-30 12:00:00
1562230800,1.1283,1.12846,1.12803,1.12828,998,0,2019-07-04 09:00:00
1644307200,1.14161,1.14227,1.14129,1.14189,1019,0,2022-02-08 08:00:00
1491433200,1.06774,1.06808,1.06611,1.06615,915,0,2017-04-05 23:00:00
1712242800,1.0852,1.08695,1.08498,1.08687,4678,0,2024-04-04 15:00:00
1440673200,1.1308,1.13155,1.12762,1.12819,9471,0,2015-08-27 11:00:00
1728075600,1.09669,1.0973,1.09643,1.09717,2168,0,2024-10-04 21:00:00
1568138400,1.10411,1.10513,1.10397,1.10412,4334,0,2019-09-10 18:00:00
1688594400,1.08527,1.08559,1.08516,1.08542,1178,0,2023-07-05 22:00:00
1556740800,1.12411,1.12469,1.1241,1.12442,1464,0,2019-05-01 20:00:00
1455865200,1.11253,1.11269,1.11189,1.11243,2837,-1,2016-02-19 07:00:00
1644933600,1.13449,1.13498,1.13357,1.13397,3369,-1,2022-02-15 14:00:00
1593666000,1.12525,1.12603,1.1251,1.12596,991,0,2020-07-02 05:00:00
1561672800,1.13727,1.13732,1.13661,1.13677,1224,-1,2019-06-27 22:00:00
1604491200,1.1675,1.16962,1.16714,1.16923,2375,0,2020-11-04 12:00:00
1440766800,1.1284,1.12864,1.12673,1.12789,4861,0,2015-08-28 13:00:00
1713474000,1.06474,1.06486,1.0641,1.06442,2629,0,2024-04-18 21:00:00
1727244000,1.11938,1.11977,1.11908,1.11971,1171,0,2024-09-25 06:00:00
1703566800,1.10249,1.10279,1.10245,1.10267,1202,0,2023-12-26 05:00:00
1570500000,1.09711,1.09721,1.097,1.09708,784,0,2019-10-08 02:00:00
1619006400,1.20053,1.20153,1.2,1.20063,1691,0,2021-04-21 12:00:00
1566813600,1.11326,1.11351,1.11154,1.11202,10724,0,2019-08-26 10:00:00
1575910800,1.10714,1.10747,1.10646,1.1068,1747,0,2019-12-09 17:00:00
1703847600,1.10596,1.10605,1.10435,1.10481,3813,0,2023-12-29 11:00:00
1720490400,1.08248,1.08304,1.08247,1.08296,580,0,2024-07-09 02:00:00
1583920800,1.13278,1.13327,1.13084,1.13125,5562,0,2020-03-11 10:00:00
1679929200,1.07709,1.07794,1.07671,1.07721,3609,0,2023-03-27 15:00:00
1679652000,1.08274,1.08301,1.0767,1.07789,8925,0,2023-03-24 10:00:00
1422424800,1.13395,1.13412,1.13317,1.13363,1493,0,2015-01-28 06:00:00
1597726800,1.18887,1.18938,1.18854,1.18881,1001,0,2020-08-18 05:00:00
1457449200,1.1013,1.10359,1.10123,1.10319,6329,0,2016-03-08 15:00:00
1434096000,1.12311,1.12474,1.12212,1.12399,3726,0,2015-06-12 08:00:00
1470837600,1.11719,1.11893,1.11718,1.11846,5410,0,2016-08-10 14:00:00
1490313600,1.0782,1.07826,1.07784,1.07815,538,0,2017-03-24 00:00:00
1685948400,1.07017,1.07024,1.06957,1.06989,769,0,2023-06-05 07:00:00
1568725200,1.10162,1.10243,1.10081,1.10237,3224,0,2019-09-17 13:00:00
1427328000,1.09716,1.0972,1.09609,1.09641,1762,0,2015-03-26 00:00:00
1582009200,1.08294,1.08315,1.08294,1.08303,289,0,2020-02-18 07:00:00
1637258400,1.13471,1.1358,1.13455,1.13578,2551,0,2021-11-18 18:00:00
1594130400,1.1277,1.12938,1.12743,1.12897,1935,0,2020-07-07 14:00:00
1646136000,1.11955,1.11977,1.11654,1.11806,5397,-1,2022-03-01 12:00:00
1455883200,1.1084,1.1101,1.10764,1.10988,6759,-1,2016-02-19 12:00:00
1504839600,1.20271,1.20351,1.20231,1.2034,4022,-1,2017-09-08 03:00:00
1705334400,1.09497,1.0951,1.09376,1.09424,3876,0,2024-01-15 16:00:00
1635955200,1.15701,1.15794,1.15616,1.15774,3893,0,2021-11-03 16:00:00
1651874400,1.05465,1.05557,1.05354,1.05465,3922,0,2022-05-06 22:00:00
1457370000,1.09489,1.09851,1.09456,1.09832,8540,0,2016-03-07 17:00:00
1641207600,1.13454,1.13553,1.13348,1.13508,2002,0,2022-01-03 11:00:00
1626858000,1.17662,1.17682,1.17597,1.17624,2079,0,2021-07-21 09:00:00
1629676800,1.16903,1.16977,1.16886,1.16964,124,0,2021-08-23 00:00:00
1549371600,1.14165,1.14215,1.14118,1.14207,2493,0,2019-02-05 13:00:00
1577066400,1.10791,1.10793,1.10723,1.10755,969,0,2019-12-23 02:00:00
1433451600,1.12403,1.12551,1.12346,1.12438,4847,0,2015-06-04 21:00:00
1506013200,1.19237,1.19252,1.19093,1.19215,8291,0,2017-09-21 17:00:00
1732287600,1.04064,1.04334,1.04054,1.04284,7529,0,2024-11-22 15:00:00
1691708400,1.09785,1.09813,1.09769,1.09794,865,0,2023-08-10 23:00:00
1466456400,1.13079,1.13179,1.13013,1.13148,3319,0,2016-06-20 21:00:00
1550160000,1.13018,1.13043,1.12878,1.12953,5828,0,2019-02-14 16:00:00
1679889600,1.07597,1.07661,1.07566,1.07606,2529,0,2023-03-27 04:00:00
1423537200,1.13354,1.13354,1.13263,1.13275,2132,0,2015-02-10 03:00:00
1427745600,1.08196,1.08314,1.08153,1.08187,3600,0,2015-03-30 20:00:00
1562115600,1.12883,1.12911,1.1287,1.12893,958,0,2019-07-03 01:00:00
1567782000,1.10214,1.10457,1.10214,1.10393,5917,0,2019-09-06 15:00:00
1424934000,1.13707,1.13714,1.13625,1.13625,913,0,2015-02-26 07:00:00
1707184800,1.07404,1.07443,1.07404,1.07429,1219,0,2024-02-06 02:00:00
1725368400,1.10391,1.10409,1.10321,1.10348,3206,0,2024-09-03 13:00:00
1524751200,1.21823,1.21869,1.21525,1.21564,6576,0,2018-04-26 14:00:00
1542772800,1.13688,1.13738,1.13672,1.13727,1549,0,2018-11-21 04:00:00
1504242000,1.19067,1.1912,1.19038,1.19045,2768,0,2017-09-01 05:00:00
1605240000,1.18077,1.18077,1.18002,1.18037,1044,0,2020-11-13 04:00:00
1432785600,1.09096,1.09194,1.09032,1.09108,4349,0,2015-05-28 04:00:00
1492599600,1.07304,1.07304,1.07135,1.07149,1386,0,2017-04-19 11:00:00
1727276400,1.11949,1.12068,1.11909,1.11967,4554,0,2024-09-25 15:00:00
1507316400,1.1732,1.17351,1.17223,1.17229,4816,0,2017-10-06 19:00:00
1655460000,1.04995,1.05299,1.04933,1.05167,8900,1,2022-06-17 10:00:00
1599123600,1.18009,1.18069,1.17886,1.17979,1953,0,2020-09-03 09:00:00
1450807200,1.09661,1.09783,1.09617,1.09768,6219,0,2015-12-22 18:00:00
1436767200,1.11285,1.11515,1.11137,1.11323,4233,0,2015-07-13 06:00:00
1531213200,1.17389,1.17484,1.1731,1.17476,4718,0,2018-07-10 09:00:00
1706061600,1.08566,1.0859,1.08543,1.08552,1066,0,2024-01-24 02:00:00
1660640400,1.01632,1.0168,1.01507,1.01535,3636,0,2022-08-16 09:00:00
1603105200,1.17212,1.1741,1.17202,1.17369,1720,0,2020-10-19 11:00:00
1711969200,1.07851,1.07906,1.07821,1.07889,1818,0,2024-04-01 11:00:00
1637204400,1.13223,1.13275,1.13177,1.13235,1364,0,2021-11-18 03:00:00
1566838800,1.11165,1.11213,1.11119,1.1113,6623,0,2019-08-26 17:00:00
1492596000,1.0723,1.07361,1.07183,1.07304,1734,0,2017-04-19 10:00:00
1527588000,1.15939,1.15993,1.15651,1.15667,11967,0,2018-05-29 10:00:00
1491278400,1.06685,1.06711,1.06635,1.06684,861,0,2017-04-04 04:00:00
1483477200,1.0414,1.04142,1.04045,1.04102,2690,0,2017-01-03 21:00:00
1545192000,1.13802,1.13857,1.13784,1.13848,1497,0,2018-12-19 04:00:00
1670976000,1.06312,1.06321,1.0624,1.06315,1702,0,2022-12-14 00:00:00
1578326400,1.1197,1.11995,1.11818,1.11824,1698,0,2020-01-06 16:00:00
1510693200,1.17994,1.17994,1.17914,1.17933,3175,0,2017-11-14 21:00:00
1568901600,1.10647,1.10727,1.10594,1.10668,3646,0,2019-09-19 14:00:00
1496977200,1.11876,1.1194,1.11785,1.11815,1902,0,2017-06-09 03:00:00
1517515200,1.24775,1.24943,1.24767,1.24929,5150,0,2018-02-01 20:00:00
1432911600,1.09795,1.09968,1.09554,1.09666,12028,0,2015-05-29 15:00:00
1455544800,1.11904,1.11942,1.11779,1.11796,3522,0,2016-02-15 14:00:00
1577721600,1.11939,1.12072,1.11878,1.12052,2492,0,2019-12-30 16:00:00
1439784000,1.10945,1.11008,1.10926,1.10964,2225,0,2015-08-17 04:00:00
1549566000,1.13556,1.13592,1.13481,1.13483,2454,0,2019-02-07 19:00:00
1507784400,1.18691,1.18744,1.18665,1.18733,3008,0,2017-10-12 05:00:00
1550156400,1.1265,1.1309,1.12603,1.13017,6893,1,2019-02-14 15:00:00
1424811600,1.1337,1.1346,1.13348,1.13357,3433,0,2015-02-24 21:00:00
1607068800,1.21494,1.2157,1.2147,1.21544,1040,0,2020-12-04 08:00:00
1674630000,1.08979,1.08986,1.0891,1.08966,1892,0,2023-01-25 07:00:00
1475622000,1.12032,1.12075,1.12013,1.12038,1937,0,2016-10-04 23:00:00
1521198000,1.23172,1.23353,1.23167,1.23222,4428,0,2018-03-16 11:00:00
1421290800,1.17752,1.17798,1.17717,1.17742,2337,0,2015-01-15 03:00:00
1648785600,1.10664,1.10724,1.10626,1.1071,1783,0,2022-04-01 04:00:00
1637352000,1.12976,1.13021,1.12859,1.12862,2351,0,2021-11-19 20:00:00
1489989600,1.07592,1.0764,1.07584,1.07626,484,1,2017-03-20 06:00:00
1651168800,1.05144,1.05303,1.04962,1.04991,6229,0,2022-04-28 18:00:00
1589911200,1.09473,1.0948,1.09234,1.09358,2110,0,2020-05-19 18:00:00
1551848400,1.12947,1.12975,1.12891,1.1292,1056,0,2019-03-06 05:00:00
1578430800,1.11428,1.11441,1.1141,1.11437,1010,0,2020-01-07 21:00:00
1608631200,1.22163,1.22236,1.22053,1.22211,2101,0,2020-12-22 10:00:00
1692151200,1.09019,1.09041,1.09009,1.09029,345,0,2023-08-16 02:00:00
1715749200,1.08215,1.08258,1.0819,1.08245,943,0,2024-05-15 05:00:00
1455526800,1.12238,1.12239,1.12025,1.12091,7849,0,2016-02-15 09:00:00
1715850000,1.08786,1.08819,1.08736,1.08754,2002,0,2024-05-16 09:00:00
1654862400,1.06138,1.06169,1.05893,1.05962,4644,0,2022-06-10 12:00:00
1523581200,1.23253,1.23287,1.23242,1.23277,707,0,2018-04-13 01:00:00
1585346400,1.11217,1.11458,1.11192,1.11366,1799,0,2020-03-27 22:00:00
1519102800,1.23845,1.23872,1.23785,1.2385,1706,0,2018-02-20 05:00:00
1484859600,1.06258,1.06594,1.06248,1.06587,6116,0,2017-01-19 21:00:00
1527645600,1.15402,1.15438,1.15325,1.15368,1885,0,2018-05-30 02:00:00
1718719200,1.07171,1.07174,1.0709,1.07154,2405,0,2024-06-18 14:00:00
1572310800,1.10973,1.1099,1.1097,1.10975,329,0,2019-10-29 01:00:00
1706875200,1.08899,1.08941,1.08797,1.08837,2735,0,2024-02-02 12:00:00
1601010000,1.16668,1.16713,1.16637,1.16659,833,0,2020-09-25 05:00:00
1493784000,1.09324,1.09361,1.09314,1.09328,601,0,2017-05-03 04:00:00
1538694000,1.15127,1.15152,1.15081,1.15121,835,0,2018-10-04 23:00:00
1503349200,1.1818,1.18218,1.18093,1.18117,2837,0,2017-08-21 21:00:00
1654891200,1.05157,1.05326,1.05144,1.05184,3620,0,2022-06-10 20:00:00
1547474400,1.14697,1.14708,1.14547,1.14674,4271,0,2019-01-14 14:00:00
1659970800,1.02003,1.02015,1.01831,1.01978,4237,0,2022-08-08 15:00:00
1467705600,1.11227,1.11332,1.11222,1.11266,2123,0,2016-07-05 08:00:00
1729054800,1.0891,1.08924,1.08876,1.08917,1643,0,2024-10-16 05:00:00
